create database baodientu;
use baodientu;


ALTER USER 'root'@'localhost' IDENTIFIED WITH mysql_native_password BY 'root';


create table category
(
	`cateID` INT(11) NOT NULL auto_increment,
    `cateName` nvarchar(50) NOT NULL,
    `cateLink` varchar(500),
    constraint PK_CATEGORY PRIMARY KEY (`cateID`)
);

insert into `category` 	values (1,N'Hải sản','hai-san');
insert into `category` values (2,N'Nông sản','nong-san');
INSERT INTO `category` VALUES (3, 'trong nước', '#');
INSERT INTO `category` VALUES (4, 'quốc tế', '#');


create table tags
(
	`tagID` INT(11) NOT NULL auto_increment,
    `tagName` nvarchar(50) NOT NULL,
    `tagLink` varchar(500),
    constraint PK_TAGS primary key (`tagID`)
);
insert into `tags` values(1,N'Chuyện nhà nông','chuyen-nha-nong.html');
INSERT INTO `tags` VALUES (4, 'xuất khẩu', '#');
INSERT INTO `tags` VALUES (5, 'thủy sản Việt', '#');
INSERT INTO `tags` VALUES (6, 'doanh nghiệp thủy sản', '#');
INSERT INTO `tags` VALUES (7, 'bí quyết  trồng trọt', '#');
INSERT INTO `tags` VALUES (8, 'bí quyết nuôi cá', '#');
INSERT INTO `tags` VALUES (9, 'vùng cao', '#');
INSERT INTO `tags` VALUES (10, 'khó khăn ngành trồng trọt', '#');
INSERT INTO `tags` VALUES (11, 'thị trường', '#');






create table adminuser
(
	`userID` int(11) NOT NULL auto_increment,
    `userName` varchar(16) NOT NULL,
    `userPassword` varchar(129) NOT NULL,
    `userType` int(11) NOT NULL,
    `userCateID` int(11),
     constraint PK_USERS primary key (`userID`)  
);

insert into `adminuser` values (1,'writer',N'asad',1,NULL);
insert into `adminuser` values (2,'editor1',N'asad',2,1);
insert into `adminuser` values (3,'editor2',N'asad',2,2);
insert into `adminuser` values (4,'admin',N'asad',3,NULL);

create table users
(
	`ID` int(11) NOT NULL auto_increment,
    `Username` varchar(16) NOT NULL,
    `PASSWORD` varchar(129) NOT NULL,
    `Email` varchar(31) NOT NULL,
    `BDay` date,
     constraint PK_USERS primary key (`ID`)  
);







create table post
(
	`postID`  INT(11) NOT NULL auto_increment,
    `postAnhTieuDe` varchar(50) not NULL,
    `postTieuDe` nvarchar(500) NOT NULL,
    `postTomTat` nvarchar(1000) NOT NULL,
    `postNoiDung` nvarchar(15000) NOT NULL,
    `postChuyenMucID` INT(11) NOT NULL,
    `postTagID`  INT(11) NOT NULL,
    `postTrangThaiID` varchar(10) NOT NULL, 
    `postLuotView` INT(11) NOT NULL,
    `postHangBaiViet` nvarchar(50),
    `postNgayDang` datetime,
    `postWriterID` INT(11) NOT NULL,
    `postEditorID` INT(11),
    `postLyDoTuChoi` nvarchar(500),
    `postNgayXuatBan` datetime, 
    constraint PK_POST primary key (`postID`)
);

 
alter table post
add constraint  fk_post_category
foreign key (`postChuyenMucID`)
references category(`cateID`);
alter table post
add constraint  fk_post_tags
foreign key (`postTagID`)
references tags(`tagID`);
alter table post
add constraint  fk_post_adminuser
foreign key (`postWriterID`)
references adminuser(`userID`);
INSERT INTO `post` VALUES (1, 'buoi.jpg', 'Giá tiêu, điều, gạo, cà phê cùng lao dốc', 'Kết thúc quý 1/2019, hàng loạt nông sản xuất khẩu chủ lực lao dốc làm cho giá trị  xuất khẩu tăng trưởng âm sau nhiều năm', '<p>Ba th&aacute;ng đầu năm, lĩnh vực n&ocirc;ng nghiệp xuất khẩu được 8,8 tỉ USD, giảm gần 3% so với c&ugrave;ng kỳ năm 2018. Nguy&ecirc;n nh&acirc;n l&agrave; do gi&aacute; nhiều mặt h&agrave;ng xuất khẩu sụt giảm mạnh.</p>\r\n\r\n<p>&nbsp;</p>\r\n\r\n<p>C&oacute; đến 4 mặt h&agrave;ng n&ocirc;ng sản xuất khẩu m&agrave; tỷ lệ gi&aacute; giảm đến hai con số, so với c&ugrave;ng kỳ năm trước. Dẫn đầu danh s&aacute;ch n&agrave;y l&agrave; gi&aacute; ti&ecirc;u với mức giảm đến 27% n&ecirc;n d&ugrave; lượng xuất khẩu tăng đến 19% nhưng gi&aacute; trị vẫn giảm gần 18% so với c&ugrave;ng kỳ năm ngo&aacute;i.</p>\r\n\r\n<p>&nbsp;</p>\r\n\r\n<p>Đứng ngay sau ti&ecirc;u l&agrave; gi&aacute; điều với mức giảm đến gần 21% so với c&ugrave;ng kỳ năm 2018, mức gi&aacute; xuất khẩu b&igrave;nh qu&acirc;n hạt điều đạt mức 8.043 USD/tấn. Xuất khẩu hạt điều tăng gần 5% về lượng nhưng giảm đến tr&ecirc;n 17% về gi&aacute; trị.</p>\r\n\r\n<p>&nbsp;</p>\r\n\r\n<p>Gạo đứng thứ 3 với mức giảm gần 18%, chỉ c&ograve;n 404 USD/tấn. Đ&acirc;y l&agrave; yếu tố l&agrave;m gi&aacute; trị xuất khẩu trong 3 th&aacute;ng qua giảm tr&ecirc;n 20% so với c&ugrave;ng kỳ năm 2018 d&ugrave; lượng chỉ giảm c&oacute; 3,5%.</p>\r\n\r\n<p>&nbsp;</p>\r\n\r\n<p>C&ugrave;ng giai đoạn tr&ecirc;n, gi&aacute; c&agrave; ph&ecirc; xuất khẩu cũng sụt giảm đến tr&ecirc;n 14%, hiện chỉ c&ograve;n 4.894 USD/tấn. Tổng gi&aacute; trị xuất khẩu c&agrave; ph&ecirc; giảm gần 24%, chỉ thu về c&oacute; 830 triệu USD trong qu&yacute; 1 d&ugrave; lượng giảm chỉ c&oacute; 15,3%.</p>\r\n\r\n<p>&nbsp;</p>\r\n\r\n<p>Ngo&agrave;i ra, h&agrave;ng loạt n&ocirc;ng sản kh&aacute;c cũng c&oacute; mức sụt giảm đến gần 10% về gi&aacute; trị so với c&ugrave;ng kỳ, cụ thể như xuất khẩu rau quả đạt 879 triệu USD, giảm 9,3% về gi&aacute; trị; mặt h&agrave;ng sắn v&agrave; c&aacute;c sản phẩm từ sắn, giảm 9,4%; t&ocirc;m c&aacute;c loại ước đạt 676 triệu USD, giảm 9,1%. Cũng cần phải n&oacute;i th&ecirc;m, trong nh&oacute;m n&agrave;y mặt h&agrave;ng rau quả li&ecirc;n tục trong 3 năm gần đ&acirc;y lu&ocirc;n c&oacute; tốc độ tăng trưởng dẫn đầu trong nh&oacute;m ng&agrave;nh n&ocirc;ng l&acirc;m thủy hải sản. Tuy nhi&ecirc;n do qu&aacute; phụ thuộc v&agrave;o thị trường Trung Quốc (75-80%) n&ecirc;n khi gặp kh&oacute; th&igrave; c&aacute;c thị trường c&ograve;n lại kh&ocirc;ng &quot;đỡ&quot; nỗi, tăng trưởng quay đầu đi xuống.&nbsp;</p>\r\n\r\n<p>&nbsp;</p>\r\n\r\n<p>Ngo&agrave;i l&yacute; do kh&aacute;ch quan l&agrave; xu thế chung của thế giới th&igrave; phần lớn những mặt h&agrave;ng n&agrave;y n&ocirc;ng sản n&agrave;y đ&atilde; tăng mạnh diện t&iacute;ch v&agrave; sản lượng trong thời gian qua. Cụ thể những năm gần đ&acirc;y, diện t&iacute;ch trồng c&agrave; ph&ecirc; robusta đang được mở rộng ở T&acirc;y nguy&ecirc;n, Đ&ocirc;ng Nam bộ. C&agrave; ph&ecirc; arabica thậm ch&iacute; c&ograve;n ph&aacute;t triển ở tỉnh Sơn La, Lai Ch&acirc;u, Y&ecirc;n B&aacute;i, H&agrave; Giang, Tuy&ecirc;n Quang.</p>\r\n', 1, 1, 'CDD', 0, 'normal', '2019-06-16', 1, NULL, NULL,NULL);
INSERT INTO `post` VALUES (2, 'tieu 1.jpg', 'Tiêu chết trắng, giá rẻ như rau: Nông dân cầu cứu ngân hàng', 'Tại Gia Lai, tính đến năm 2019, tổng dư nợ mà nông dân vay vốn ngân hàng để trồng tiêu là hơn 4.300 tỷ đồng, trong đó 2.200 tỷ đồng là nợ xấu. Hiện hàng nghìn hộ dân đang phải “cầu cứu” ngành chức năng và ngân hàng có thể gia hạn nợ, cứu họ thoát dần khỏi “thảm cảnh hồ tiêu”…', '<p><strong>N&ocirc;ng d&acirc;n &ldquo;cầu cứu&rdquo;</strong></p>\r\n\r\n<p>&nbsp;</p>\r\n\r\n<p>Đỉnh điểm khiến n&ocirc;ng d&acirc;n trồng ti&ecirc;u l&acirc;m cảnh nợ nần l&agrave; l&uacute;c gi&aacute; hồ ti&ecirc;u rớt xuống đ&aacute;y, từ 220.000 đồng/kg chỉ c&ograve;n 41.000 - 43.000 đồng/kg. Th&ecirc;m v&agrave;o đ&oacute;, dịch bệnh v&agrave; nắng n&oacute;ng k&eacute;o d&agrave;i khiến hồ ti&ecirc;u chết như ngả rạ. Vay ng&acirc;n h&agrave;ng, đầu tư h&agrave;ng tỷ đồng trồng ti&ecirc;u nay nhiều hộ n&ocirc;ng d&acirc;n rơi v&agrave;o thảm cảnh, nợ nần chồng chất, c&oacute; bao nhi&ecirc;u t&agrave;i sản cũng đ&atilde; thế chấp hết cho ng&acirc;n h&agrave;ng.</p>\r\n\r\n<p>&nbsp;</p>\r\n\r\n<p><a href=\"https://4.bp.blogspot.com/-AEaDZKISJW4/XK7xzQksMcI/AAAAAAACkeg/T1pAxEHFQwgfX0LQ41rl5E9M7NDMR6EWgCLcBGAs/s1600/tieu%2B1.jpg\"><img src=\"https://4.bp.blogspot.com/-AEaDZKISJW4/XK7xzQksMcI/AAAAAAACkeg/T1pAxEHFQwgfX0LQ41rl5E9M7NDMR6EWgCLcBGAs/s400/tieu%2B1.jpg\" style=\"height:295px; width:400px\" /></a></p>\r\n\r\n<p><em>Chỉ v&igrave; hồ ti&ecirc;u, hơn 26.000 hộ d&acirc;n vướng v&agrave;o v&ograve;ng xo&aacute;y nợ nần. Ảnh: T.H</em></p>\r\n\r\n<p><a name=\"more\"></a></p>\r\n\r\n<p>Khu&ocirc;n mặt rầu rĩ, ủ rũ b&ecirc;n vườn ti&ecirc;u chết kh&ocirc;, b&agrave; B&ugrave;i Thị Th&agrave;nh (tr&uacute; tại x&atilde; Ia Băng, huyện Chư Pr&ocirc;ng, Gia Lai) t&acirc;m sự:&nbsp;<em>&ldquo;Gần 2 năm nay, chẳng ng&agrave;y n&agrave;o t&ocirc;i được ngủ ngon v&igrave; khoản nợ lớn dần m&agrave; hồ ti&ecirc;u để lại. Tiền gốc l&agrave; 450 triệu đồng, tiền l&atilde;i mỗi năm gần 50 triệu đồng. Cứ 6 th&aacute;ng trả một lần, nhưng hiện tại tiền ăn c&ograve;n bữa đ&oacute;i bữa no, biết kiếm đ&acirc;u ra 24 triệu đồng trả l&atilde;i. Rồi c&ograve;n tiền gốc nữa, hơn 3.000 trụ ti&ecirc;u đ&atilde; chết hết rồi, ch&uacute;ng t&ocirc;i chưa biết tr&ocirc;ng v&agrave;o đ&acirc;u?&rdquo;.</em></p>\r\n\r\n<p>&nbsp;</p>\r\n\r\n<p>&Ocirc;ng Hồ Hồng Lam (49 tuổi, chồng b&agrave; Th&agrave;nh) n&oacute;i th&ecirc;m:&nbsp;<em>&ldquo;Cũng muốn b&aacute;n đất trả nợ lắm nhưng khổ nỗi ch&uacute;ng t&ocirc;i đ&atilde; rao b&aacute;n cả năm trời chẳng ai mua n&ecirc;n đ&agrave;nh để vậy. Sắp tới vợ chồng t&ocirc;i định khăn g&oacute;i về TP.HCM l&agrave;m thu&ecirc; để c&ograve;n c&oacute; đồng ra đồng v&agrave;o trả l&atilde;i, chứ như b&acirc;y giờ th&igrave; kh&ocirc;ng biết khi n&agrave;o mới hết nợ. Gần đ&acirc;y, ch&uacute;ng t&ocirc;i bị ng&acirc;n h&agrave;ng gọi giục trả nợ suốt, kh&ocirc;ng trả kịp lại th&agrave;nh nợ xấu th&ocirc;i&rdquo;.</em></p>\r\n\r\n<p>&nbsp;</p>\r\n\r\n<p>Giữa năm ngo&aacute;i, ch&uacute;ng t&ocirc;i cũng c&oacute; một chuyến l&agrave;m việc tại x&atilde; Ia Blứ, huyện Chư Pưh. Gặp &ocirc;ng Mai Liệu (ở th&ocirc;n Thuỷ Ph&uacute;), &ocirc;ng buồn rầu cho biết &ocirc;ng c&oacute; 9 người con th&igrave; cả 9 đang trong t&igrave;nh trạng nợ xấu ng&acirc;n h&agrave;ng v&igrave; đ&atilde; vay tiền để đầu tư v&agrave;o 15ha ti&ecirc;u.</p>\r\n\r\n<p>&nbsp;</p>\r\n\r\n<p>Trong đ&oacute;, 2 người đ&atilde; phải b&aacute;n nh&agrave;, b&aacute;n đất trả nợ ng&acirc;n h&agrave;ng nhưng vẫn c&ograve;n nợ nhiều khoản vay kh&aacute;c b&ecirc;n ngo&agrave;i. 7 người c&ograve;n lại, tuy chưa phải b&aacute;n nh&agrave; nhưng con c&aacute;i th&igrave; phải nghỉ học sớm để phụ gi&uacute;p cha mẹ đi l&agrave;m kiếm tiền trả nợ.</p>\r\n\r\n<p>&nbsp;</p>\r\n\r\n<p><em>&ldquo;Người d&acirc;n trồng ti&ecirc;u x&atilde; n&agrave;y đ&atilde; phải nhổ cả trụ gỗ l&ecirc;n b&aacute;n với gi&aacute; 40.000 đồng/trụ để lấy tiền sinh hoạt, trong khi trước kia mỗi trụ gi&aacute; 250.000 đồng&rdquo;</em>&nbsp;- &ocirc;ng Liệu cho hay.</p>\r\n\r\n<p>&nbsp;</p>\r\n\r\n<p><a href=\"https://4.bp.blogspot.com/--llJMG0p6Kk/XK7xzX8wPjI/AAAAAAACkeo/UfyJ0e7siugag_OCcvKR_-sekckpBXStACLcBGAs/s1600/tieu%2B2.jpg\"><img src=\"https://4.bp.blogspot.com/--llJMG0p6Kk/XK7xzX8wPjI/AAAAAAACkeo/UfyJ0e7siugag_OCcvKR_-sekckpBXStACLcBGAs/s400/tieu%2B2.jpg\" style=\"height:255px; width:400px\" /></a></p>\r\n\r\n<p><em>V&igrave; thua lỗ, nợ nần kh&ocirc;ng c&oacute; khả năng trả nợ, một số hộ d&acirc;n đ&atilde; phải rao b&aacute;n nh&agrave;, b&aacute;n đất bỏ xứ trốn nợ. Ảnh: T.H</em></p>\r\n\r\n<p>&nbsp;</p>\r\n\r\n<p>Để c&oacute; tiền trả l&atilde;i cho ng&acirc;n h&agrave;ng, nhiều hộ đ&atilde; b&aacute;n b&ograve;, b&aacute;n đất. Giờ đ&acirc;y, ngo&agrave;i việc mong muốn ng&acirc;n h&agrave;ng sẽ gia hạn thời gian trả gốc, trả l&atilde;i, nhiều hộ trồng ti&ecirc;u chẳng biết l&agrave;m g&igrave; ngo&agrave;i cầu mong v&agrave;o&hellip; vận may.&nbsp;</p>\r\n\r\n<p>&nbsp;</p>\r\n\r\n<p>Cũng v&igrave; kh&ocirc;ng c&oacute; tiền trả nợ, &ocirc;ng Ph&ugrave;ng Văn Cảnh (tr&uacute; tại x&atilde; Ia Le, huyện Chư Pưh, Gia Lai) đ&atilde; đ&oacute;ng cửa đi khỏi địa phương. Được biết, hiện &ocirc;ng Cảnh vẫn nợ ng&acirc;n h&agrave;ng hơn 200 triệu đồng. D&ugrave; muốn ph&aacute;t triển c&aacute;c c&acirc;y trồng mới gia tăng kinh tế, nhưng phần v&igrave; diện t&iacute;ch đất trồng ti&ecirc;u bị nhiễm bệnh kh&oacute; phục hồi, phần v&igrave; kh&ocirc;ng c&oacute; vốn đầu tư n&ecirc;n &ocirc;ng Cảnh cũng như nhiều hộ kh&aacute;c đ&agrave;nh chấp nhận để đất hoang&hellip;</p>\r\n\r\n<p>&nbsp;</p>\r\n\r\n<p><strong>Hy vọng từ ph&iacute;a &ldquo;chủ nợ&rdquo;</strong></p>\r\n\r\n<p>&nbsp;</p>\r\n\r\n<p>Theo ước t&iacute;nh, đến nay tổng diện t&iacute;ch trồng c&acirc;y hồ ti&ecirc;u tr&ecirc;n địa b&agrave;n to&agrave;n tỉnh Gia Lai hơn 16.500ha, nhưng c&oacute; đến gần 1/3 l&agrave; số lượng ti&ecirc;u chết (trong đ&oacute; ti&ecirc;u chết do mưa k&eacute;o d&agrave;i g&acirc;y thối rễ tr&ecirc;n 4.500ha; do gi&agrave; cỗi tr&ecirc;n 56ha; do s&acirc;u bệnh gần 1.000ha). Hơn 32.000 hộ c&oacute; ti&ecirc;u chết với khoản nợ hơn 4.300 tỷ đồng, trong đ&oacute; nợ xấu chiếm đến 2.200 tỷ đồng.</p>\r\n\r\n<p>&nbsp;</p>\r\n\r\n<p>Trước thực trạng n&agrave;y, UBND tỉnh Gia Lai đ&atilde; chỉ đạo r&agrave; so&aacute;t, tổng hợp đề nghị Bộ NNPTNT, Bộ T&agrave;i ch&iacute;nh, Ng&acirc;n h&agrave;ng Nh&agrave; nước Việt Nam b&aacute;o c&aacute;o Thủ tướng Ch&iacute;nh phủ xem x&eacute;t.</p>\r\n\r\n<p>&nbsp;</p>\r\n\r\n<p><a href=\"https://2.bp.blogspot.com/-FckUrS6I3Ro/XK7xzba0WKI/AAAAAAACkek/6aPS5CFrnJ4wkadjLUrogOxpdq_OBuZYQCLcBGAs/s1600/tieu%2B3.jpg\"><img src=\"https://2.bp.blogspot.com/-FckUrS6I3Ro/XK7xzba0WKI/AAAAAAACkek/6aPS5CFrnJ4wkadjLUrogOxpdq_OBuZYQCLcBGAs/s400/tieu%2B3.jpg\" style=\"height:263px; width:400px\" /></a></p>\r\n\r\n<p><em>&quot;Ti&ecirc;u chết, nợ sống&quot;, h&agrave;ng ngh&igrave;n hộ d&acirc;n chỉ mong được giản nợ từ ph&iacute;a ng&acirc;n h&agrave;ng để kh&ocirc;ng c&oacute; nợ xấu. Ảnh: T.H</em></p>\r\n\r\n<p>&nbsp;</p>\r\n\r\n<p>Trưởng th&ocirc;n Thủy Ph&uacute; (x&atilde; Ia Blứ) Nguyễn Duy Trung than thở: Chưa bao giờ người d&acirc;n ở đ&acirc;y rơi v&agrave;o cảnh th&ecirc; thảm như thế n&agrave;y, h&agrave;ng ng&agrave;y phải lo từng bữa ăn.</p>\r\n\r\n<p>&nbsp;</p>\r\n\r\n<p>Ở đ&acirc;y hầu hết ai cũng đi vay v&agrave; nhiều gia đ&igrave;nh kh&ocirc;ng c&oacute; khả năng trả nợ. Nếu Nh&agrave; nước, ng&agrave;nh ng&acirc;n h&agrave;ng kh&ocirc;ng can thiệp sớm gi&uacute;p d&acirc;n khoanh nợ th&igrave; c&oacute; hơn 90% hộ d&acirc;n sẽ l&acirc;m cảnh mất nh&agrave; cửa.</p>\r\n\r\n<p>&nbsp;</p>\r\n\r\n<p>Li&ecirc;n quan đến vấn đề n&agrave;y, &ocirc;ng Nguyễn Văn Cư - Gi&aacute;m đốc Ng&acirc;n h&agrave;ng Nh&agrave; Nước Chi nh&aacute;nh tại Gia Lai cho biết, để hỗ trợ người d&acirc;n trong giai đoạn kh&oacute; khăn, ng&agrave;nh ng&acirc;n h&agrave;ng sẽ cơ cấu thời hạn nợ, điều chỉnh thời hạn nợ, gia hạn nợ. B&ecirc;n cạnh đ&oacute;, ng&acirc;n h&agrave;ng cũng sẽ c&oacute; giải ph&aacute;p giảm l&atilde;i suất hoặc miễn giảm l&atilde;i tiền vay cho người vay. Đồng thời, ng&acirc;n h&agrave;ng cũng xem x&eacute;t cho người d&acirc;n vay lại để t&aacute;i cơ cấu c&acirc;y trồng.</p>\r\n\r\n<p>&nbsp;</p>\r\n\r\n<p><em>&ldquo;Về việc người d&acirc;n muốn khoanh nợ, hiện rất kh&oacute; khăn. Bởi khi đ&oacute;, c&aacute;c ng&agrave;nh c&oacute; li&ecirc;n quan sẽ phải v&agrave;o cuộc x&aacute;c minh, sau đ&oacute; mới c&oacute; cơ sở tr&igrave;nh l&ecirc;n chủ tịch UBND tỉnh. Sau đ&oacute;, chủ tịch UBND tỉnh phải xin &yacute; kiến Thủ tướng Ch&iacute;nh phủ xem x&eacute;t việc khoanh nợ. Khi Thủ tướng đồng &yacute; th&igrave; việc khoanh nợ sẽ diễn ra. Theo đ&oacute;, trong thời hạn khoanh nợ (2 năm) người d&acirc;n sẽ kh&ocirc;ng phải trả l&atilde;i&rdquo;</em>&nbsp;&ndash; &ocirc;ng Cư n&oacute;i.</p>\r\n\r\n<p>&nbsp;</p>\r\n\r\n<p>Tuy nhi&ecirc;n, cũng theo &ocirc;ng Cư, quy định hiện nay cấp n&agrave;o đề nghị khoanh nợ, cấp đ&oacute; phải xuất ng&acirc;n s&aacute;ch để chi trả.&nbsp;<em>&ldquo;Với l&atilde;i suất b&igrave;nh qu&acirc;n 10%/năm, th&igrave; 2.200 tỷ đồng nợ xấu sẽ c&oacute; l&atilde;i suất khoảng 220 tỷ đồng. Trong 2 năm, số l&atilde;i n&agrave;y tăng l&ecirc;n khoảng 440 tỷ đồng, đ&acirc;y l&agrave; số tiền kh&ocirc;ng hề nhỏ đối với ng&acirc;n s&aacute;ch địa phương&hellip;&rdquo;</em>&nbsp;- &ocirc;ng Cư cho biết th&ecirc;m.</p>\r\n', 1, 3, 'CDD', 0, 'normal', '2019-06-16', 1, NULL, NULL,NULL);
INSERT INTO `post` VALUES (3, 'ca-phe.jpg', 'Nhập nông sản tăng, xuất khẩu giảm', 'Nông sản xuất giảm nhập tăng, suất siêu giảm 8,7%. Đây là dấu hiệu đáng chú ý của ngành nông nghiệp sau nhiều năm phát triển và tự hào là đất nước có thế mạnh về nông nghiệp.', '<p><a href=\"https://1.bp.blogspot.com/-6i40gc8hxgs/XN9piOF1GaI/AAAAAAAClhY/G04b1AAXpygdsUMCkO3vHRoBqYAsERUeACLcBGAs/s1600/ca-phe.jpg\"><img src=\"https://1.bp.blogspot.com/-6i40gc8hxgs/XN9piOF1GaI/AAAAAAAClhY/G04b1AAXpygdsUMCkO3vHRoBqYAsERUeACLcBGAs/s400/ca-phe.jpg\" style=\"height:300px; width:400px\" /></a></p>\r\n\r\n<p><em>C&agrave; ph&ecirc; l&agrave; một trong những mặt h&agrave;ng bị t&aacute;c động mạnh trong thời gian qua. CTV</em></p>\r\n\r\n<p><a name=\"more\"></a></p>\r\n\r\n<p>B&aacute;o c&aacute;o của Bộ N&ocirc;ng nghiệp v&agrave; Ph&aacute;t triển n&ocirc;ng th&ocirc;n cho biết: Trong 4 th&aacute;ng đầu năm 2019, kim ngạch xuất khẩu c&aacute;c mặt h&agrave;ng n&ocirc;ng, l&acirc;m, thủy sản ước đạt 12,4 tỉ USD. Trong đ&oacute;, nh&oacute;m h&agrave;ng n&ocirc;ng sản ch&iacute;nh ước đạt 5,2 tỉ USD, so với c&ugrave;ng kỳ năm 2018 giảm 5,6%. Nhiều mặt h&agrave;ng giảm mạnh như: gạo khối lượng xuất khẩu giảm 8%, gi&aacute; trị giảm đến 19%); c&agrave; ph&ecirc; khối lượng giảm 13%, gi&aacute; trị cũng giảm 19%; sắn v&agrave; sản phẩm từ sắn khối lượng giảm 14%, gi&aacute; trị giảm 3,3%.</p>\r\n\r\n<p>&nbsp;</p>\r\n\r\n<p>Ở chiều ngược lại, tổng gi&aacute; trị nhập khẩu n&ocirc;ng, l&acirc;m, thủy sản v&agrave; vật tư n&ocirc;ng nghiệp 4 th&aacute;ng đạt khoảng 9,7 tỉ USD, tăng 3,2% so với c&ugrave;ng kỳ năm trước.</p>\r\n\r\n<p>&nbsp;</p>\r\n\r\n<p>Việc nh&oacute;m ng&agrave;nh n&ocirc;ng l&acirc;m thủy hải sản xuất giảm nhập tăng đ&atilde; l&agrave;m thặng dự thương mại giảm 8,7% so với c&ugrave;ng kỳ 2018, hiện xuất si&ecirc;u chỉ đạt 2,68 tỉ USD.</p>\r\n\r\n<p>&nbsp;</p>\r\n\r\n<p>Trong khi đ&oacute;, b&aacute;o c&aacute;o của Tổng cục Hải quan cho biết: Trong 4 th&aacute;ng đầu năm nay, nh&oacute;m h&agrave;ng n&ocirc;ng sản (bao gồm h&agrave;ng rau quả, hạt điều, hạt ti&ecirc;u, ch&egrave;, c&agrave; ph&ecirc;, gạo, sắn v&agrave; sản phẩm sắn, cao su) xuất khẩu đạt 5,56 tỉ USD, giảm 8,9% so với c&ugrave;ng kỳ năm trước.</p>\r\n\r\n<p>&nbsp;</p>\r\n\r\n<p>Trung Quốc vẫn l&agrave; thị trường lớn nhất nhập khẩu mặt h&agrave;ng n&ocirc;ng sản của Việt Nam với 1,98 tỉ USD, giảm 8,7% so với c&ugrave;ng kỳ năm 2018; tiếp theo l&agrave; thị trường EU đạt 866 triệu USD, giảm 9,7%; sang Mỹ với 522 triệu USD, giảm 19,8%...</p>\r\n\r\n<p>&nbsp;</p>\r\n\r\n<p>Nh&oacute;m h&agrave;ng thủy sản đạt 2,42 tỉ USD, giảm 0,9% so với c&ugrave;ng thời gian năm 2018. Trong 4 th&aacute;ng t&iacute;nh từ đầu năm 2019 chủ yếu được xuất khẩu sang thị trường Nhật Bản đạt 411 triệu USD, tăng 9,7%; Mỹ đạt 386 triệu USD, tăng 1,9%; EU với 393 triệu USD, giảm 9,6%; Trung Quốc đạt 268 triệu USD, giảm 8,6%.</p>\r\n\r\n<p>&nbsp;</p>\r\n\r\n<p>Gỗ v&agrave; sản phẩm gỗ l&agrave; ng&agrave;nh h&agrave;ng tăng trưởng ấn tượng với tỷ lệ đến gần 18% so với c&ugrave;ng kỳ năm trước, đạt 3,1 tỉ USD. Đ&aacute;ng ch&uacute; &yacute;, xuất khẩu sang Mỹ đạt tr&ecirc;n 1,4 tỉ USD, tăng đến gần 35% v&agrave; Nhật Bản đạt 414 triệu USD, tăng tr&ecirc;n 18%.</p>\r\n', 3, 1, 'CDD', 0, 'normal', '2019-06-16', 1, NULL, NULL,NULL);
INSERT INTO `post` VALUES (4, 'nong san 1.png', '[Infographics] 4 tháng năm 2019: Xuất khẩu nông lâm thủy sản ước đạt 12,4 tỷ USD', '4 tháng đầu năm 2019, tổng kim ngạch xuất khẩu nông lâm thủy sản ước đạt 12,4 tỷ USD, tương đương so với cùng kỳ 2018, trong đó, nhóm hàng nông sản chính ước đạt 5,2 tỷ USD, giảm 5,6% so với cùng kỳ.', '<p><a href=\"https://4.bp.blogspot.com/-YKLqdZuhDgI/XM0QoeBn4lI/AAAAAAAClFk/wRkaidniKi40dyiKHPofxYvfBVIrV-3ygCLcBGAs/s1600/nong%2Bsan%2B1.png\"><img src=\"https://4.bp.blogspot.com/-YKLqdZuhDgI/XM0QoeBn4lI/AAAAAAAClFk/wRkaidniKi40dyiKHPofxYvfBVIrV-3ygCLcBGAs/s1600/nong%2Bsan%2B1.png\" /></a></p>\r\n\r\n<p><a href=\"https://2.bp.blogspot.com/-7kOfn3GCWus/XM0Qoa4N7zI/AAAAAAAClFg/W8lm7R80tGgKH4PXGjF-hgb1QJeuEgjpQCLcBGAs/s1600/nong%2Bsan%2B2.png\"><img src=\"https://2.bp.blogspot.com/-7kOfn3GCWus/XM0Qoa4N7zI/AAAAAAAClFg/W8lm7R80tGgKH4PXGjF-hgb1QJeuEgjpQCLcBGAs/s1600/nong%2Bsan%2B2.png\" /></a></p>\r\n\r\n<p>&nbsp;</p>\r\n\r\n<p>Lũy kế 4 th&aacute;ng đầu năm 2019, tổng kim ngạch xuất khẩu n&ocirc;ng l&acirc;m thủy sản ước đạt 12,4 tỷ USD, tương đương so với c&ugrave;ng kỳ 2018.</p>\r\n\r\n<p>&nbsp;</p>\r\n\r\n<p>Nh&oacute;m h&agrave;ng n&ocirc;ng sản ch&iacute;nh ước đạt 5,2 tỷ USD, giảm 5,6% so với c&ugrave;ng kỳ năm 2018./.</p>\r\n', 1, 4, 'CDD', 0, 'normal', '2019-06-16', 1, NULL, NULL,NULL);
INSERT INTO `post` VALUES (5, 'tieu.jpg', 'Nông sản ngày càng khó vào EU', 'Liên minh châu Âu (EU) đang tăng cường bảo hộ hàng nông sản thông qua tiêu chuẩn về quản lý chất lượng và an toàn thực phẩm, yêu cầu về truy xuất nguồn gốc, gây áp lực không nhỏ cho nông sản Việt Nam.', '<p><strong>Li&ecirc;n tục r&agrave; so&aacute;t v&agrave; thay đổi</strong></p>\r\n\r\n<p>&nbsp;</p>\r\n\r\n<p>EU vừa th&ocirc;ng b&aacute;o sửa đổi phụ lục II, III, IV trong Quy định số 396/2005 của EU li&ecirc;n quan đến quy định dư lượng tối đa c&aacute;c loại h&oacute;a chất như chlorantraniliprole, clomazone, cyclaniliprole, fenazaquin... tr&ecirc;n một số sản phẩm như rau, quả v&agrave; thực phẩm.</p>\r\n\r\n<p>&nbsp;</p>\r\n\r\n<p>Những thay đổi n&agrave;y, theo &ocirc;ng Vương Trường Giang, Trưởng ph&ograve;ng An to&agrave;n thực phẩm v&agrave; M&ocirc;i trường, Cục Bảo vệ thực vật, Bộ N&ocirc;ng nghiệp v&agrave; Ph&aacute;t triển n&ocirc;ng th&ocirc;n (NN&amp;PTNT), sẽ ảnh hưởng tới một số loại n&ocirc;ng sản m&agrave; Việt Nam xuất sang EU. Hiện nay, Việt Nam chủ yếu xuất khẩu c&aacute;c mặt h&agrave;ng như c&agrave; ph&ecirc;, ti&ecirc;u, điều, gạo, thanh long, v&agrave; một số &iacute;t loại rau gia vị kh&aacute;c.</p>\r\n\r\n<p>&nbsp;</p>\r\n\r\n<p>Số liệu của Cục Chế biến v&agrave; Ph&aacute;t triển thị trường n&ocirc;ng sản, Bộ NN&amp;PTNT cho thấy, một số mặt h&agrave;ng n&ocirc;ng sản chủ lực xuất khẩu sang EU như ti&ecirc;u, điều, c&agrave; ph&ecirc; đều c&oacute; kim ngạch xuất khẩu giảm trong th&aacute;ng 2. V&iacute; dụ, khối lượng xuất khẩu hồ ti&ecirc;u th&aacute;ng 2-2019 ước đạt 12.000 tấn, với gi&aacute; trị đạt 35 triệu đ&ocirc; la Mỹ, giảm tới hơn 20% về gi&aacute; trị so với c&ugrave;ng kỳ năm 2018. Đ&acirc;y l&agrave; một trong những mặt h&agrave;ng c&oacute; kim ngạch xuất khẩu giảm mạnh nhất.</p>\r\n\r\n<p>&nbsp;</p>\r\n\r\n<p>Tổng kim ngạch xuất khẩu n&ocirc;ng l&acirc;m thủy sản hai th&aacute;ng đầu năm 2019 đạt 5,5 tỉ đ&ocirc; la Mỹ, giảm 1,6% so với c&ugrave;ng kỳ năm ngo&aacute;i, trong đ&oacute; gi&aacute; trị xuất khẩu c&aacute;c mặt h&agrave;ng n&ocirc;ng sản ch&iacute;nh ước đạt 2,71 tỉ đ&ocirc; la, giảm 10,1%.</p>\r\n\r\n<p>&nbsp;</p>\r\n\r\n<p>EU l&agrave; một trong những thị trường xuất khẩu n&ocirc;ng sản lớn nhất của Việt Nam, song cũng l&agrave; thị trường c&oacute; y&ecirc;u cầu khắt khe về vệ sinh an to&agrave;n thực phẩm, d&aacute;n nh&atilde;n, m&ocirc;i trường&hellip; D&ugrave; lần thay đổi n&agrave;y t&aacute;c động kh&ocirc;ng qu&aacute; lớn đối với c&aacute;c mặt h&agrave;ng n&ocirc;ng sản chủ lực m&agrave; Việt Nam xuất sang EU, nhưng theo đ&aacute;nh gi&aacute; của &ocirc;ng Giang, c&aacute;c quy định ph&aacute;p l&yacute; li&ecirc;n quan tới h&agrave;ng r&agrave;o kỹ thuật li&ecirc;n tục được EU &ldquo;r&agrave; so&aacute;t&rdquo; v&agrave; &ldquo;điều chỉnh&rdquo;.</p>\r\n\r\n<p>&nbsp;</p>\r\n\r\n<blockquote><em>H&agrave;ng h&oacute;a n&ocirc;ng nghiệp của Việt Nam đang được xuất khẩu sang 180 nước v&agrave; v&ugrave;ng l&atilde;nh thổ, đứng thứ 2 khu vực Đ&ocirc;ng Nam &Aacute; v&agrave; đứng thứ 15 tr&ecirc;n thế giới, với 10 mặt h&agrave;ng xuất khẩu tr&ecirc;n 1 tỉ đ&ocirc; la Mỹ, 6 mặt h&agrave;ng đạt tr&ecirc;n 3 tỉ đ&ocirc; la Mỹ gồm t&ocirc;m, gỗ v&agrave; sản phẩm gỗ, h&agrave;ng rau quả, hạt điều, c&agrave; ph&ecirc;, gạo.</em></blockquote>\r\n\r\n<p>&nbsp;</p>\r\n\r\n<p>Hiện nay, nhiều doanh nghiệp c&ograve;n chưa mấy quan t&acirc;m tới sự thay đổi kh&aacute; &ldquo;thường xuy&ecirc;n&rdquo; n&agrave;y của EU, đặc biệt trong bối cảnh đa phần c&aacute;c doanh nghiệp xuất khẩu c&oacute; quy m&ocirc; nhỏ v&agrave; si&ecirc;u nhỏ. Theo quan s&aacute;t của &ocirc;ng Giang, ng&agrave;nh n&ocirc;ng sản Việt Nam ng&agrave;y c&agrave;ng chiếm tỷ trọng lớn trong cơ cấu nhập khẩu của EU, khiến cơ quan chức năng của khối n&agrave;y để &yacute;.</p>\r\n\r\n<p>&nbsp;</p>\r\n\r\n<p><em>&ldquo;C&aacute;i kh&oacute; của doanh nghiệp n&ocirc;ng sản hiện nay l&agrave; l&agrave;m thế n&agrave;o cập nhật những thay đổi từ ph&iacute;a EU, từ đ&oacute; kiểm so&aacute;t v&agrave; đ&aacute;p ứng được chất lượng n&ocirc;ng sản xuất khẩu sang khu vực n&agrave;y&rdquo;</em>, &ocirc;ng Giang n&oacute;i.</p>\r\n\r\n<p>&nbsp;</p>\r\n\r\n<p><strong>Lo ngại quy tắc xuất xứ</strong></p>\r\n\r\n<p>&nbsp;</p>\r\n\r\n<p>Bộ trưởng Bộ NN&amp;PTNT Nguyễn Xu&acirc;n Cường, tại diễn đ&agrave;n về xuất khẩu n&ocirc;ng sản mới đ&acirc;y, đ&atilde; khẳng định thực tế c&aacute;c quốc gia đang tăng cường bảo hộ h&agrave;ng n&ocirc;ng sản th&ocirc;ng qua ti&ecirc;u chuẩn về quản l&yacute; chất lượng v&agrave; an to&agrave;n thực phẩm, y&ecirc;u cầu về truy xuất nguồn gốc, trong đ&oacute; c&oacute; EU. Từ g&oacute;c độ chuy&ecirc;n ng&agrave;nh, &ocirc;ng Giang khuyến c&aacute;o c&aacute;c doanh nghiệp cần nắm chắc những thay đổi n&agrave;y từ EU th&ocirc;ng qua trang web của Cao ủy thực phẩm của EU.</p>\r\n\r\n<p>&nbsp;</p>\r\n\r\n<p>&Ocirc;ng Giang cho biết th&ecirc;m, trang web của Cục Bảo vệ thực vật cũng thường xuy&ecirc;n cập nhật những thay đổi tại c&aacute;c thị trường m&agrave; Việt Nam xuất khẩu n&ocirc;ng sản, do đ&oacute; c&aacute;c doanh nghiệp l&agrave;m ăn với thị trường EU cần li&ecirc;n tục cập nhật để chủ động kế hoạch kinh doanh.</p>\r\n\r\n<p>&nbsp;</p>\r\n\r\n<p>&Aacute;p lực đ&aacute;p ứng c&aacute;c ti&ecirc;u chuẩn, chất lượng h&agrave;ng n&ocirc;ng sản sẽ lớn hơn nữa khi Hiệp định Thương mại tự do (FTA) giữa Việt Nam v&agrave; EU (EVFTA) được ph&iacute;a EU th&ocirc;ng qua. D&ugrave; EVFTA sẽ tạo điều kiện thuận lợi để Việt Nam xuất khẩu n&ocirc;ng sản sang EU th&ocirc;ng qua việc dỡ bỏ r&agrave;o cản thuế quan, chuy&ecirc;n gia kinh tế Phạm Thị Dự, Đại học Thương mại, cho rằng việc đ&aacute;p ứng c&aacute;c quy tắc xuất xứ hay vượt qua được c&aacute;c r&agrave;o cản kỹ thuật, kiểm dịch động thực vật l&agrave; c&aacute;c vấn đề đ&aacute;ng quan ngại đối với nhiều doanh nghiệp.</p>\r\n\r\n<p>&nbsp;</p>\r\n\r\n<p>Theo b&agrave; Dự, nguồn nguy&ecirc;n liệu cho sản xuất, xuất khẩu hiện nay của Việt Nam chủ yếu được nhập khẩu từ Trung Quốc, ASEAN v&agrave; c&aacute;c nước kh&ocirc;ng thuộc khối c&oacute; FTA với Việt Nam. V&iacute; dụ hạt điều, một trong những mặt h&agrave;ng xuất khẩu chủ lực của Việt Nam sang EU, được nhập khẩu nguy&ecirc;n liệu chủ yếu từ Bờ Biển Ng&agrave;, Ghana, Nigeria, chiếm 63% nhu cầu chế biến. Hiện nay, EU c&oacute; quy định tương đối chặt chẽ về nguồn gốc xuất xứ với hạt điều khi xem c&ocirc;ng đoạn gia c&ocirc;ng, b&oacute;c vỏ hạt điều l&agrave; chế biến giản đơn. Do đ&oacute;, muốn xuất khẩu được hưởng lợi về thuế quan, ng&agrave;nh điều nh&acirc;n của Việt Nam phải chế biến từ nguồn điều nguy&ecirc;n liệu sản xuất trong nước.</p>\r\n\r\n<p>&nbsp;</p>\r\n\r\n<p>Trong khi đ&oacute;, theo Cục Chế biến v&agrave; Ph&aacute;t triển thị trường n&ocirc;ng sản, xuất khẩu hạt điều của Việt Nam hai th&aacute;ng đầu năm 2019 đ&atilde; giảm cả về khối lượng v&agrave; gi&aacute; trị khi đạt 44.000 tấn v&agrave; 365 triệu đ&ocirc; la Mỹ, giảm lần lượt 3,1% v&agrave; 22,3% so với c&ugrave;ng kỳ năm 2018. C&aacute;c chuy&ecirc;n gia cho rằng ng&agrave;nh điều Việt Nam đang bị mất c&acirc;n đối nghi&ecirc;m trọng giữa năng lực chế biến v&agrave; sản lượng sản xuất nội địa. Để giữ vững vị thế dẫn đầu thế giới, ng&agrave;nh điều cần tập trung cải thiện năng suất v&agrave; chất lượng, từ đ&oacute; t&igrave;m kiếm cơ hội tăng xuất khẩu sang c&aacute;c thị trường kh&oacute; t&iacute;nh như Mỹ, EU.</p>\r\n\r\n<p>&nbsp;</p>\r\n\r\n<p>Để ứng ph&oacute; với t&igrave;nh trạng c&aacute;c quốc gia tăng cường dựng c&aacute;c h&agrave;ng r&agrave;o bảo hộ, một trong những giải ph&aacute;p trọng t&acirc;m m&agrave; Bộ NN&amp;PTNT thực hiện năm 2019 l&agrave; x&acirc;y dựng ti&ecirc;u chu&acirc;̉n, quy chu&acirc;̉n qu&ocirc;́c gia theo hướng hài hòa hóa các quy định của các thị trường nhập kh&acirc;̉u khu vực và tr&ecirc;n th&ecirc;́ giới. Ngo&agrave;i ra, bộ n&agrave;y cũng cho biết sẽ xử lý nghi&ecirc;m các hành vi gian lận, ảnh hưởng đ&ecirc;́n ch&acirc;́t lượng hàng hóa n&ocirc;ng sản, nhằm giữ uy tín cho hàng hóa n&ocirc;ng sản của Việt Nam tr&ecirc;n cả thị trường trong nước và qu&ocirc;́c t&ecirc;́.</p>\r\n', 1, 4, 'CDD', 0, 'normal', '2019-06-16', 1, NULL, NULL,NULL);
INSERT INTO `post` VALUES (6, 'buoi.jpg', 'Giá tiêu, điều, gạo, cà phê cùng lao dốc', 'Kết thúc quý 1/2019, hàng loạt nông sản xuất khẩu chủ lực lao dốc làm cho giá trị  xuất khẩu tăng trưởng âm sau nhiều năm', '<p>Ba th&aacute;ng đầu năm, lĩnh vực n&ocirc;ng nghiệp xuất khẩu được 8,8 tỉ USD, giảm gần 3% so với c&ugrave;ng kỳ năm 2018. Nguy&ecirc;n nh&acirc;n l&agrave; do gi&aacute; nhiều mặt h&agrave;ng xuất khẩu sụt giảm mạnh.</p>\r\n\r\n<p>&nbsp;</p>\r\n\r\n<p>C&oacute; đến 4 mặt h&agrave;ng n&ocirc;ng sản xuất khẩu m&agrave; tỷ lệ gi&aacute; giảm đến hai con số, so với c&ugrave;ng kỳ năm trước. Dẫn đầu danh s&aacute;ch n&agrave;y l&agrave; gi&aacute; ti&ecirc;u với mức giảm đến 27% n&ecirc;n d&ugrave; lượng xuất khẩu tăng đến 19% nhưng gi&aacute; trị vẫn giảm gần 18% so với c&ugrave;ng kỳ năm ngo&aacute;i.</p>\r\n\r\n<p>&nbsp;</p>\r\n\r\n<p>Đứng ngay sau ti&ecirc;u l&agrave; gi&aacute; điều với mức giảm đến gần 21% so với c&ugrave;ng kỳ năm 2018, mức gi&aacute; xuất khẩu b&igrave;nh qu&acirc;n hạt điều đạt mức 8.043 USD/tấn. Xuất khẩu hạt điều tăng gần 5% về lượng nhưng giảm đến tr&ecirc;n 17% về gi&aacute; trị.</p>\r\n\r\n<p>&nbsp;</p>\r\n\r\n<p>Gạo đứng thứ 3 với mức giảm gần 18%, chỉ c&ograve;n 404 USD/tấn. Đ&acirc;y l&agrave; yếu tố l&agrave;m gi&aacute; trị xuất khẩu trong 3 th&aacute;ng qua giảm tr&ecirc;n 20% so với c&ugrave;ng kỳ năm 2018 d&ugrave; lượng chỉ giảm c&oacute; 3,5%.</p>\r\n\r\n<p>&nbsp;</p>\r\n\r\n<p>C&ugrave;ng giai đoạn tr&ecirc;n, gi&aacute; c&agrave; ph&ecirc; xuất khẩu cũng sụt giảm đến tr&ecirc;n 14%, hiện chỉ c&ograve;n 4.894 USD/tấn. Tổng gi&aacute; trị xuất khẩu c&agrave; ph&ecirc; giảm gần 24%, chỉ thu về c&oacute; 830 triệu USD trong qu&yacute; 1 d&ugrave; lượng giảm chỉ c&oacute; 15,3%.</p>\r\n\r\n<p>&nbsp;</p>\r\n\r\n<p>Ngo&agrave;i ra, h&agrave;ng loạt n&ocirc;ng sản kh&aacute;c cũng c&oacute; mức sụt giảm đến gần 10% về gi&aacute; trị so với c&ugrave;ng kỳ, cụ thể như xuất khẩu rau quả đạt 879 triệu USD, giảm 9,3% về gi&aacute; trị; mặt h&agrave;ng sắn v&agrave; c&aacute;c sản phẩm từ sắn, giảm 9,4%; t&ocirc;m c&aacute;c loại ước đạt 676 triệu USD, giảm 9,1%. Cũng cần phải n&oacute;i th&ecirc;m, trong nh&oacute;m n&agrave;y mặt h&agrave;ng rau quả li&ecirc;n tục trong 3 năm gần đ&acirc;y lu&ocirc;n c&oacute; tốc độ tăng trưởng dẫn đầu trong nh&oacute;m ng&agrave;nh n&ocirc;ng l&acirc;m thủy hải sản. Tuy nhi&ecirc;n do qu&aacute; phụ thuộc v&agrave;o thị trường Trung Quốc (75-80%) n&ecirc;n khi gặp kh&oacute; th&igrave; c&aacute;c thị trường c&ograve;n lại kh&ocirc;ng &quot;đỡ&quot; nỗi, tăng trưởng quay đầu đi xuống.&nbsp;</p>\r\n\r\n<p>&nbsp;</p>\r\n\r\n<p>Ngo&agrave;i l&yacute; do kh&aacute;ch quan l&agrave; xu thế chung của thế giới th&igrave; phần lớn những mặt h&agrave;ng n&agrave;y n&ocirc;ng sản n&agrave;y đ&atilde; tăng mạnh diện t&iacute;ch v&agrave; sản lượng trong thời gian qua. Cụ thể những năm gần đ&acirc;y, diện t&iacute;ch trồng c&agrave; ph&ecirc; robusta đang được mở rộng ở T&acirc;y nguy&ecirc;n, Đ&ocirc;ng Nam bộ. C&agrave; ph&ecirc; arabica thậm ch&iacute; c&ograve;n ph&aacute;t triển ở tỉnh Sơn La, Lai Ch&acirc;u, Y&ecirc;n B&aacute;i, H&agrave; Giang, Tuy&ecirc;n Quang.</p>\r\n', 1, 1, 'CDD', 0, 'normal', '2019-06-16', 1, NULL, NULL,NULL);
INSERT INTO `post` VALUES (7, 'tieu 1.jpg', 'Tiêu chết trắng, giá rẻ như rau: Nông dân cầu cứu ngân hàng', 'Tại Gia Lai, tính đến năm 2019, tổng dư nợ mà nông dân vay vốn ngân hàng để trồng tiêu là hơn 4.300 tỷ đồng, trong đó 2.200 tỷ đồng là nợ xấu. Hiện hàng nghìn hộ dân đang phải “cầu cứu” ngành chức năng và ngân hàng có thể gia hạn nợ, cứu họ thoát dần khỏi “thảm cảnh hồ tiêu”…', '<p><strong>N&ocirc;ng d&acirc;n &ldquo;cầu cứu&rdquo;</strong></p>\r\n\r\n<p>&nbsp;</p>\r\n\r\n<p>Đỉnh điểm khiến n&ocirc;ng d&acirc;n trồng ti&ecirc;u l&acirc;m cảnh nợ nần l&agrave; l&uacute;c gi&aacute; hồ ti&ecirc;u rớt xuống đ&aacute;y, từ 220.000 đồng/kg chỉ c&ograve;n 41.000 - 43.000 đồng/kg. Th&ecirc;m v&agrave;o đ&oacute;, dịch bệnh v&agrave; nắng n&oacute;ng k&eacute;o d&agrave;i khiến hồ ti&ecirc;u chết như ngả rạ. Vay ng&acirc;n h&agrave;ng, đầu tư h&agrave;ng tỷ đồng trồng ti&ecirc;u nay nhiều hộ n&ocirc;ng d&acirc;n rơi v&agrave;o thảm cảnh, nợ nần chồng chất, c&oacute; bao nhi&ecirc;u t&agrave;i sản cũng đ&atilde; thế chấp hết cho ng&acirc;n h&agrave;ng.</p>\r\n\r\n<p>&nbsp;</p>\r\n\r\n<p><a href=\"https://4.bp.blogspot.com/-AEaDZKISJW4/XK7xzQksMcI/AAAAAAACkeg/T1pAxEHFQwgfX0LQ41rl5E9M7NDMR6EWgCLcBGAs/s1600/tieu%2B1.jpg\"><img src=\"https://4.bp.blogspot.com/-AEaDZKISJW4/XK7xzQksMcI/AAAAAAACkeg/T1pAxEHFQwgfX0LQ41rl5E9M7NDMR6EWgCLcBGAs/s400/tieu%2B1.jpg\" style=\"height:295px; width:400px\" /></a></p>\r\n\r\n<p><em>Chỉ v&igrave; hồ ti&ecirc;u, hơn 26.000 hộ d&acirc;n vướng v&agrave;o v&ograve;ng xo&aacute;y nợ nần. Ảnh: T.H</em></p>\r\n\r\n<p><a name=\"more\"></a></p>\r\n\r\n<p>Khu&ocirc;n mặt rầu rĩ, ủ rũ b&ecirc;n vườn ti&ecirc;u chết kh&ocirc;, b&agrave; B&ugrave;i Thị Th&agrave;nh (tr&uacute; tại x&atilde; Ia Băng, huyện Chư Pr&ocirc;ng, Gia Lai) t&acirc;m sự:&nbsp;<em>&ldquo;Gần 2 năm nay, chẳng ng&agrave;y n&agrave;o t&ocirc;i được ngủ ngon v&igrave; khoản nợ lớn dần m&agrave; hồ ti&ecirc;u để lại. Tiền gốc l&agrave; 450 triệu đồng, tiền l&atilde;i mỗi năm gần 50 triệu đồng. Cứ 6 th&aacute;ng trả một lần, nhưng hiện tại tiền ăn c&ograve;n bữa đ&oacute;i bữa no, biết kiếm đ&acirc;u ra 24 triệu đồng trả l&atilde;i. Rồi c&ograve;n tiền gốc nữa, hơn 3.000 trụ ti&ecirc;u đ&atilde; chết hết rồi, ch&uacute;ng t&ocirc;i chưa biết tr&ocirc;ng v&agrave;o đ&acirc;u?&rdquo;.</em></p>\r\n\r\n<p>&nbsp;</p>\r\n\r\n<p>&Ocirc;ng Hồ Hồng Lam (49 tuổi, chồng b&agrave; Th&agrave;nh) n&oacute;i th&ecirc;m:&nbsp;<em>&ldquo;Cũng muốn b&aacute;n đất trả nợ lắm nhưng khổ nỗi ch&uacute;ng t&ocirc;i đ&atilde; rao b&aacute;n cả năm trời chẳng ai mua n&ecirc;n đ&agrave;nh để vậy. Sắp tới vợ chồng t&ocirc;i định khăn g&oacute;i về TP.HCM l&agrave;m thu&ecirc; để c&ograve;n c&oacute; đồng ra đồng v&agrave;o trả l&atilde;i, chứ như b&acirc;y giờ th&igrave; kh&ocirc;ng biết khi n&agrave;o mới hết nợ. Gần đ&acirc;y, ch&uacute;ng t&ocirc;i bị ng&acirc;n h&agrave;ng gọi giục trả nợ suốt, kh&ocirc;ng trả kịp lại th&agrave;nh nợ xấu th&ocirc;i&rdquo;.</em></p>\r\n\r\n<p>&nbsp;</p>\r\n\r\n<p>Giữa năm ngo&aacute;i, ch&uacute;ng t&ocirc;i cũng c&oacute; một chuyến l&agrave;m việc tại x&atilde; Ia Blứ, huyện Chư Pưh. Gặp &ocirc;ng Mai Liệu (ở th&ocirc;n Thuỷ Ph&uacute;), &ocirc;ng buồn rầu cho biết &ocirc;ng c&oacute; 9 người con th&igrave; cả 9 đang trong t&igrave;nh trạng nợ xấu ng&acirc;n h&agrave;ng v&igrave; đ&atilde; vay tiền để đầu tư v&agrave;o 15ha ti&ecirc;u.</p>\r\n\r\n<p>&nbsp;</p>\r\n\r\n<p>Trong đ&oacute;, 2 người đ&atilde; phải b&aacute;n nh&agrave;, b&aacute;n đất trả nợ ng&acirc;n h&agrave;ng nhưng vẫn c&ograve;n nợ nhiều khoản vay kh&aacute;c b&ecirc;n ngo&agrave;i. 7 người c&ograve;n lại, tuy chưa phải b&aacute;n nh&agrave; nhưng con c&aacute;i th&igrave; phải nghỉ học sớm để phụ gi&uacute;p cha mẹ đi l&agrave;m kiếm tiền trả nợ.</p>\r\n\r\n<p>&nbsp;</p>\r\n\r\n<p><em>&ldquo;Người d&acirc;n trồng ti&ecirc;u x&atilde; n&agrave;y đ&atilde; phải nhổ cả trụ gỗ l&ecirc;n b&aacute;n với gi&aacute; 40.000 đồng/trụ để lấy tiền sinh hoạt, trong khi trước kia mỗi trụ gi&aacute; 250.000 đồng&rdquo;</em>&nbsp;- &ocirc;ng Liệu cho hay.</p>\r\n\r\n<p>&nbsp;</p>\r\n\r\n<p><a href=\"https://4.bp.blogspot.com/--llJMG0p6Kk/XK7xzX8wPjI/AAAAAAACkeo/UfyJ0e7siugag_OCcvKR_-sekckpBXStACLcBGAs/s1600/tieu%2B2.jpg\"><img src=\"https://4.bp.blogspot.com/--llJMG0p6Kk/XK7xzX8wPjI/AAAAAAACkeo/UfyJ0e7siugag_OCcvKR_-sekckpBXStACLcBGAs/s400/tieu%2B2.jpg\" style=\"height:255px; width:400px\" /></a></p>\r\n\r\n<p><em>V&igrave; thua lỗ, nợ nần kh&ocirc;ng c&oacute; khả năng trả nợ, một số hộ d&acirc;n đ&atilde; phải rao b&aacute;n nh&agrave;, b&aacute;n đất bỏ xứ trốn nợ. Ảnh: T.H</em></p>\r\n\r\n<p>&nbsp;</p>\r\n\r\n<p>Để c&oacute; tiền trả l&atilde;i cho ng&acirc;n h&agrave;ng, nhiều hộ đ&atilde; b&aacute;n b&ograve;, b&aacute;n đất. Giờ đ&acirc;y, ngo&agrave;i việc mong muốn ng&acirc;n h&agrave;ng sẽ gia hạn thời gian trả gốc, trả l&atilde;i, nhiều hộ trồng ti&ecirc;u chẳng biết l&agrave;m g&igrave; ngo&agrave;i cầu mong v&agrave;o&hellip; vận may.&nbsp;</p>\r\n\r\n<p>&nbsp;</p>\r\n\r\n<p>Cũng v&igrave; kh&ocirc;ng c&oacute; tiền trả nợ, &ocirc;ng Ph&ugrave;ng Văn Cảnh (tr&uacute; tại x&atilde; Ia Le, huyện Chư Pưh, Gia Lai) đ&atilde; đ&oacute;ng cửa đi khỏi địa phương. Được biết, hiện &ocirc;ng Cảnh vẫn nợ ng&acirc;n h&agrave;ng hơn 200 triệu đồng. D&ugrave; muốn ph&aacute;t triển c&aacute;c c&acirc;y trồng mới gia tăng kinh tế, nhưng phần v&igrave; diện t&iacute;ch đất trồng ti&ecirc;u bị nhiễm bệnh kh&oacute; phục hồi, phần v&igrave; kh&ocirc;ng c&oacute; vốn đầu tư n&ecirc;n &ocirc;ng Cảnh cũng như nhiều hộ kh&aacute;c đ&agrave;nh chấp nhận để đất hoang&hellip;</p>\r\n\r\n<p>&nbsp;</p>\r\n\r\n<p><strong>Hy vọng từ ph&iacute;a &ldquo;chủ nợ&rdquo;</strong></p>\r\n\r\n<p>&nbsp;</p>\r\n\r\n<p>Theo ước t&iacute;nh, đến nay tổng diện t&iacute;ch trồng c&acirc;y hồ ti&ecirc;u tr&ecirc;n địa b&agrave;n to&agrave;n tỉnh Gia Lai hơn 16.500ha, nhưng c&oacute; đến gần 1/3 l&agrave; số lượng ti&ecirc;u chết (trong đ&oacute; ti&ecirc;u chết do mưa k&eacute;o d&agrave;i g&acirc;y thối rễ tr&ecirc;n 4.500ha; do gi&agrave; cỗi tr&ecirc;n 56ha; do s&acirc;u bệnh gần 1.000ha). Hơn 32.000 hộ c&oacute; ti&ecirc;u chết với khoản nợ hơn 4.300 tỷ đồng, trong đ&oacute; nợ xấu chiếm đến 2.200 tỷ đồng.</p>\r\n\r\n<p>&nbsp;</p>\r\n\r\n<p>Trước thực trạng n&agrave;y, UBND tỉnh Gia Lai đ&atilde; chỉ đạo r&agrave; so&aacute;t, tổng hợp đề nghị Bộ NNPTNT, Bộ T&agrave;i ch&iacute;nh, Ng&acirc;n h&agrave;ng Nh&agrave; nước Việt Nam b&aacute;o c&aacute;o Thủ tướng Ch&iacute;nh phủ xem x&eacute;t.</p>\r\n\r\n<p>&nbsp;</p>\r\n\r\n<p><a href=\"https://2.bp.blogspot.com/-FckUrS6I3Ro/XK7xzba0WKI/AAAAAAACkek/6aPS5CFrnJ4wkadjLUrogOxpdq_OBuZYQCLcBGAs/s1600/tieu%2B3.jpg\"><img src=\"https://2.bp.blogspot.com/-FckUrS6I3Ro/XK7xzba0WKI/AAAAAAACkek/6aPS5CFrnJ4wkadjLUrogOxpdq_OBuZYQCLcBGAs/s400/tieu%2B3.jpg\" style=\"height:263px; width:400px\" /></a></p>\r\n\r\n<p><em>&quot;Ti&ecirc;u chết, nợ sống&quot;, h&agrave;ng ngh&igrave;n hộ d&acirc;n chỉ mong được giản nợ từ ph&iacute;a ng&acirc;n h&agrave;ng để kh&ocirc;ng c&oacute; nợ xấu. Ảnh: T.H</em></p>\r\n\r\n<p>&nbsp;</p>\r\n\r\n<p>Trưởng th&ocirc;n Thủy Ph&uacute; (x&atilde; Ia Blứ) Nguyễn Duy Trung than thở: Chưa bao giờ người d&acirc;n ở đ&acirc;y rơi v&agrave;o cảnh th&ecirc; thảm như thế n&agrave;y, h&agrave;ng ng&agrave;y phải lo từng bữa ăn.</p>\r\n\r\n<p>&nbsp;</p>\r\n\r\n<p>Ở đ&acirc;y hầu hết ai cũng đi vay v&agrave; nhiều gia đ&igrave;nh kh&ocirc;ng c&oacute; khả năng trả nợ. Nếu Nh&agrave; nước, ng&agrave;nh ng&acirc;n h&agrave;ng kh&ocirc;ng can thiệp sớm gi&uacute;p d&acirc;n khoanh nợ th&igrave; c&oacute; hơn 90% hộ d&acirc;n sẽ l&acirc;m cảnh mất nh&agrave; cửa.</p>\r\n\r\n<p>&nbsp;</p>\r\n\r\n<p>Li&ecirc;n quan đến vấn đề n&agrave;y, &ocirc;ng Nguyễn Văn Cư - Gi&aacute;m đốc Ng&acirc;n h&agrave;ng Nh&agrave; Nước Chi nh&aacute;nh tại Gia Lai cho biết, để hỗ trợ người d&acirc;n trong giai đoạn kh&oacute; khăn, ng&agrave;nh ng&acirc;n h&agrave;ng sẽ cơ cấu thời hạn nợ, điều chỉnh thời hạn nợ, gia hạn nợ. B&ecirc;n cạnh đ&oacute;, ng&acirc;n h&agrave;ng cũng sẽ c&oacute; giải ph&aacute;p giảm l&atilde;i suất hoặc miễn giảm l&atilde;i tiền vay cho người vay. Đồng thời, ng&acirc;n h&agrave;ng cũng xem x&eacute;t cho người d&acirc;n vay lại để t&aacute;i cơ cấu c&acirc;y trồng.</p>\r\n\r\n<p>&nbsp;</p>\r\n\r\n<p><em>&ldquo;Về việc người d&acirc;n muốn khoanh nợ, hiện rất kh&oacute; khăn. Bởi khi đ&oacute;, c&aacute;c ng&agrave;nh c&oacute; li&ecirc;n quan sẽ phải v&agrave;o cuộc x&aacute;c minh, sau đ&oacute; mới c&oacute; cơ sở tr&igrave;nh l&ecirc;n chủ tịch UBND tỉnh. Sau đ&oacute;, chủ tịch UBND tỉnh phải xin &yacute; kiến Thủ tướng Ch&iacute;nh phủ xem x&eacute;t việc khoanh nợ. Khi Thủ tướng đồng &yacute; th&igrave; việc khoanh nợ sẽ diễn ra. Theo đ&oacute;, trong thời hạn khoanh nợ (2 năm) người d&acirc;n sẽ kh&ocirc;ng phải trả l&atilde;i&rdquo;</em>&nbsp;&ndash; &ocirc;ng Cư n&oacute;i.</p>\r\n\r\n<p>&nbsp;</p>\r\n\r\n<p>Tuy nhi&ecirc;n, cũng theo &ocirc;ng Cư, quy định hiện nay cấp n&agrave;o đề nghị khoanh nợ, cấp đ&oacute; phải xuất ng&acirc;n s&aacute;ch để chi trả.&nbsp;<em>&ldquo;Với l&atilde;i suất b&igrave;nh qu&acirc;n 10%/năm, th&igrave; 2.200 tỷ đồng nợ xấu sẽ c&oacute; l&atilde;i suất khoảng 220 tỷ đồng. Trong 2 năm, số l&atilde;i n&agrave;y tăng l&ecirc;n khoảng 440 tỷ đồng, đ&acirc;y l&agrave; số tiền kh&ocirc;ng hề nhỏ đối với ng&acirc;n s&aacute;ch địa phương&hellip;&rdquo;</em>&nbsp;- &ocirc;ng Cư cho biết th&ecirc;m.</p>\r\n', 1, 3, 'CDD', 0, 'normal', '2019-06-16', 1, NULL, NULL,NULL);
INSERT INTO `post` VALUES (8, 'ca-phe.jpg', 'Nhập nông sản tăng, xuất khẩu giảm', 'Nông sản xuất giảm nhập tăng, suất siêu giảm 8,7%. Đây là dấu hiệu đáng chú ý của ngành nông nghiệp sau nhiều năm phát triển và tự hào là đất nước có thế mạnh về nông nghiệp.', '<p><a href=\"https://1.bp.blogspot.com/-6i40gc8hxgs/XN9piOF1GaI/AAAAAAAClhY/G04b1AAXpygdsUMCkO3vHRoBqYAsERUeACLcBGAs/s1600/ca-phe.jpg\"><img src=\"https://1.bp.blogspot.com/-6i40gc8hxgs/XN9piOF1GaI/AAAAAAAClhY/G04b1AAXpygdsUMCkO3vHRoBqYAsERUeACLcBGAs/s400/ca-phe.jpg\" style=\"height:300px; width:400px\" /></a></p>\r\n\r\n<p><em>C&agrave; ph&ecirc; l&agrave; một trong những mặt h&agrave;ng bị t&aacute;c động mạnh trong thời gian qua. CTV</em></p>\r\n\r\n<p><a name=\"more\"></a></p>\r\n\r\n<p>B&aacute;o c&aacute;o của Bộ N&ocirc;ng nghiệp v&agrave; Ph&aacute;t triển n&ocirc;ng th&ocirc;n cho biết: Trong 4 th&aacute;ng đầu năm 2019, kim ngạch xuất khẩu c&aacute;c mặt h&agrave;ng n&ocirc;ng, l&acirc;m, thủy sản ước đạt 12,4 tỉ USD. Trong đ&oacute;, nh&oacute;m h&agrave;ng n&ocirc;ng sản ch&iacute;nh ước đạt 5,2 tỉ USD, so với c&ugrave;ng kỳ năm 2018 giảm 5,6%. Nhiều mặt h&agrave;ng giảm mạnh như: gạo khối lượng xuất khẩu giảm 8%, gi&aacute; trị giảm đến 19%); c&agrave; ph&ecirc; khối lượng giảm 13%, gi&aacute; trị cũng giảm 19%; sắn v&agrave; sản phẩm từ sắn khối lượng giảm 14%, gi&aacute; trị giảm 3,3%.</p>\r\n\r\n<p>&nbsp;</p>\r\n\r\n<p>Ở chiều ngược lại, tổng gi&aacute; trị nhập khẩu n&ocirc;ng, l&acirc;m, thủy sản v&agrave; vật tư n&ocirc;ng nghiệp 4 th&aacute;ng đạt khoảng 9,7 tỉ USD, tăng 3,2% so với c&ugrave;ng kỳ năm trước.</p>\r\n\r\n<p>&nbsp;</p>\r\n\r\n<p>Việc nh&oacute;m ng&agrave;nh n&ocirc;ng l&acirc;m thủy hải sản xuất giảm nhập tăng đ&atilde; l&agrave;m thặng dự thương mại giảm 8,7% so với c&ugrave;ng kỳ 2018, hiện xuất si&ecirc;u chỉ đạt 2,68 tỉ USD.</p>\r\n\r\n<p>&nbsp;</p>\r\n\r\n<p>Trong khi đ&oacute;, b&aacute;o c&aacute;o của Tổng cục Hải quan cho biết: Trong 4 th&aacute;ng đầu năm nay, nh&oacute;m h&agrave;ng n&ocirc;ng sản (bao gồm h&agrave;ng rau quả, hạt điều, hạt ti&ecirc;u, ch&egrave;, c&agrave; ph&ecirc;, gạo, sắn v&agrave; sản phẩm sắn, cao su) xuất khẩu đạt 5,56 tỉ USD, giảm 8,9% so với c&ugrave;ng kỳ năm trước.</p>\r\n\r\n<p>&nbsp;</p>\r\n\r\n<p>Trung Quốc vẫn l&agrave; thị trường lớn nhất nhập khẩu mặt h&agrave;ng n&ocirc;ng sản của Việt Nam với 1,98 tỉ USD, giảm 8,7% so với c&ugrave;ng kỳ năm 2018; tiếp theo l&agrave; thị trường EU đạt 866 triệu USD, giảm 9,7%; sang Mỹ với 522 triệu USD, giảm 19,8%...</p>\r\n\r\n<p>&nbsp;</p>\r\n\r\n<p>Nh&oacute;m h&agrave;ng thủy sản đạt 2,42 tỉ USD, giảm 0,9% so với c&ugrave;ng thời gian năm 2018. Trong 4 th&aacute;ng t&iacute;nh từ đầu năm 2019 chủ yếu được xuất khẩu sang thị trường Nhật Bản đạt 411 triệu USD, tăng 9,7%; Mỹ đạt 386 triệu USD, tăng 1,9%; EU với 393 triệu USD, giảm 9,6%; Trung Quốc đạt 268 triệu USD, giảm 8,6%.</p>\r\n\r\n<p>&nbsp;</p>\r\n\r\n<p>Gỗ v&agrave; sản phẩm gỗ l&agrave; ng&agrave;nh h&agrave;ng tăng trưởng ấn tượng với tỷ lệ đến gần 18% so với c&ugrave;ng kỳ năm trước, đạt 3,1 tỉ USD. Đ&aacute;ng ch&uacute; &yacute;, xuất khẩu sang Mỹ đạt tr&ecirc;n 1,4 tỉ USD, tăng đến gần 35% v&agrave; Nhật Bản đạt 414 triệu USD, tăng tr&ecirc;n 18%.</p>\r\n', 3, 1, 'CDD', 0, 'normal', '2019-06-16', 1, NULL, NULL,NULL);
INSERT INTO `post` VALUES (9, 'nong san 1.png', '[Infographics] 4 tháng năm 2019: Xuất khẩu nông lâm thủy sản ước đạt 12,4 tỷ USD', '4 tháng đầu năm 2019, tổng kim ngạch xuất khẩu nông lâm thủy sản ước đạt 12,4 tỷ USD, tương đương so với cùng kỳ 2018, trong đó, nhóm hàng nông sản chính ước đạt 5,2 tỷ USD, giảm 5,6% so với cùng kỳ.', '<p><a href=\"https://4.bp.blogspot.com/-YKLqdZuhDgI/XM0QoeBn4lI/AAAAAAAClFk/wRkaidniKi40dyiKHPofxYvfBVIrV-3ygCLcBGAs/s1600/nong%2Bsan%2B1.png\"><img src=\"https://4.bp.blogspot.com/-YKLqdZuhDgI/XM0QoeBn4lI/AAAAAAAClFk/wRkaidniKi40dyiKHPofxYvfBVIrV-3ygCLcBGAs/s1600/nong%2Bsan%2B1.png\" /></a></p>\r\n\r\n<p><a href=\"https://2.bp.blogspot.com/-7kOfn3GCWus/XM0Qoa4N7zI/AAAAAAAClFg/W8lm7R80tGgKH4PXGjF-hgb1QJeuEgjpQCLcBGAs/s1600/nong%2Bsan%2B2.png\"><img src=\"https://2.bp.blogspot.com/-7kOfn3GCWus/XM0Qoa4N7zI/AAAAAAAClFg/W8lm7R80tGgKH4PXGjF-hgb1QJeuEgjpQCLcBGAs/s1600/nong%2Bsan%2B2.png\" /></a></p>\r\n\r\n<p>&nbsp;</p>\r\n\r\n<p>Lũy kế 4 th&aacute;ng đầu năm 2019, tổng kim ngạch xuất khẩu n&ocirc;ng l&acirc;m thủy sản ước đạt 12,4 tỷ USD, tương đương so với c&ugrave;ng kỳ 2018.</p>\r\n\r\n<p>&nbsp;</p>\r\n\r\n<p>Nh&oacute;m h&agrave;ng n&ocirc;ng sản ch&iacute;nh ước đạt 5,2 tỷ USD, giảm 5,6% so với c&ugrave;ng kỳ năm 2018./.</p>\r\n', 1, 4, 'CDD', 0, 'normal', '2019-06-16', 1, NULL, NULL,NULL);
INSERT INTO `post` VALUES (10, 'tieu.jpg', 'Nông sản ngày càng khó vào EU', 'Liên minh châu Âu (EU) đang tăng cường bảo hộ hàng nông sản thông qua tiêu chuẩn về quản lý chất lượng và an toàn thực phẩm, yêu cầu về truy xuất nguồn gốc, gây áp lực không nhỏ cho nông sản Việt Nam.', '<p><strong>Li&ecirc;n tục r&agrave; so&aacute;t v&agrave; thay đổi</strong></p>\r\n\r\n<p>&nbsp;</p>\r\n\r\n<p>EU vừa th&ocirc;ng b&aacute;o sửa đổi phụ lục II, III, IV trong Quy định số 396/2005 của EU li&ecirc;n quan đến quy định dư lượng tối đa c&aacute;c loại h&oacute;a chất như chlorantraniliprole, clomazone, cyclaniliprole, fenazaquin... tr&ecirc;n một số sản phẩm như rau, quả v&agrave; thực phẩm.</p>\r\n\r\n<p>&nbsp;</p>\r\n\r\n<p>Những thay đổi n&agrave;y, theo &ocirc;ng Vương Trường Giang, Trưởng ph&ograve;ng An to&agrave;n thực phẩm v&agrave; M&ocirc;i trường, Cục Bảo vệ thực vật, Bộ N&ocirc;ng nghiệp v&agrave; Ph&aacute;t triển n&ocirc;ng th&ocirc;n (NN&amp;PTNT), sẽ ảnh hưởng tới một số loại n&ocirc;ng sản m&agrave; Việt Nam xuất sang EU. Hiện nay, Việt Nam chủ yếu xuất khẩu c&aacute;c mặt h&agrave;ng như c&agrave; ph&ecirc;, ti&ecirc;u, điều, gạo, thanh long, v&agrave; một số &iacute;t loại rau gia vị kh&aacute;c.</p>\r\n\r\n<p>&nbsp;</p>\r\n\r\n<p>Số liệu của Cục Chế biến v&agrave; Ph&aacute;t triển thị trường n&ocirc;ng sản, Bộ NN&amp;PTNT cho thấy, một số mặt h&agrave;ng n&ocirc;ng sản chủ lực xuất khẩu sang EU như ti&ecirc;u, điều, c&agrave; ph&ecirc; đều c&oacute; kim ngạch xuất khẩu giảm trong th&aacute;ng 2. V&iacute; dụ, khối lượng xuất khẩu hồ ti&ecirc;u th&aacute;ng 2-2019 ước đạt 12.000 tấn, với gi&aacute; trị đạt 35 triệu đ&ocirc; la Mỹ, giảm tới hơn 20% về gi&aacute; trị so với c&ugrave;ng kỳ năm 2018. Đ&acirc;y l&agrave; một trong những mặt h&agrave;ng c&oacute; kim ngạch xuất khẩu giảm mạnh nhất.</p>\r\n\r\n<p>&nbsp;</p>\r\n\r\n<p>Tổng kim ngạch xuất khẩu n&ocirc;ng l&acirc;m thủy sản hai th&aacute;ng đầu năm 2019 đạt 5,5 tỉ đ&ocirc; la Mỹ, giảm 1,6% so với c&ugrave;ng kỳ năm ngo&aacute;i, trong đ&oacute; gi&aacute; trị xuất khẩu c&aacute;c mặt h&agrave;ng n&ocirc;ng sản ch&iacute;nh ước đạt 2,71 tỉ đ&ocirc; la, giảm 10,1%.</p>\r\n\r\n<p>&nbsp;</p>\r\n\r\n<p>EU l&agrave; một trong những thị trường xuất khẩu n&ocirc;ng sản lớn nhất của Việt Nam, song cũng l&agrave; thị trường c&oacute; y&ecirc;u cầu khắt khe về vệ sinh an to&agrave;n thực phẩm, d&aacute;n nh&atilde;n, m&ocirc;i trường&hellip; D&ugrave; lần thay đổi n&agrave;y t&aacute;c động kh&ocirc;ng qu&aacute; lớn đối với c&aacute;c mặt h&agrave;ng n&ocirc;ng sản chủ lực m&agrave; Việt Nam xuất sang EU, nhưng theo đ&aacute;nh gi&aacute; của &ocirc;ng Giang, c&aacute;c quy định ph&aacute;p l&yacute; li&ecirc;n quan tới h&agrave;ng r&agrave;o kỹ thuật li&ecirc;n tục được EU &ldquo;r&agrave; so&aacute;t&rdquo; v&agrave; &ldquo;điều chỉnh&rdquo;.</p>\r\n\r\n<p>&nbsp;</p>\r\n\r\n<blockquote><em>H&agrave;ng h&oacute;a n&ocirc;ng nghiệp của Việt Nam đang được xuất khẩu sang 180 nước v&agrave; v&ugrave;ng l&atilde;nh thổ, đứng thứ 2 khu vực Đ&ocirc;ng Nam &Aacute; v&agrave; đứng thứ 15 tr&ecirc;n thế giới, với 10 mặt h&agrave;ng xuất khẩu tr&ecirc;n 1 tỉ đ&ocirc; la Mỹ, 6 mặt h&agrave;ng đạt tr&ecirc;n 3 tỉ đ&ocirc; la Mỹ gồm t&ocirc;m, gỗ v&agrave; sản phẩm gỗ, h&agrave;ng rau quả, hạt điều, c&agrave; ph&ecirc;, gạo.</em></blockquote>\r\n\r\n<p>&nbsp;</p>\r\n\r\n<p>Hiện nay, nhiều doanh nghiệp c&ograve;n chưa mấy quan t&acirc;m tới sự thay đổi kh&aacute; &ldquo;thường xuy&ecirc;n&rdquo; n&agrave;y của EU, đặc biệt trong bối cảnh đa phần c&aacute;c doanh nghiệp xuất khẩu c&oacute; quy m&ocirc; nhỏ v&agrave; si&ecirc;u nhỏ. Theo quan s&aacute;t của &ocirc;ng Giang, ng&agrave;nh n&ocirc;ng sản Việt Nam ng&agrave;y c&agrave;ng chiếm tỷ trọng lớn trong cơ cấu nhập khẩu của EU, khiến cơ quan chức năng của khối n&agrave;y để &yacute;.</p>\r\n\r\n<p>&nbsp;</p>\r\n\r\n<p><em>&ldquo;C&aacute;i kh&oacute; của doanh nghiệp n&ocirc;ng sản hiện nay l&agrave; l&agrave;m thế n&agrave;o cập nhật những thay đổi từ ph&iacute;a EU, từ đ&oacute; kiểm so&aacute;t v&agrave; đ&aacute;p ứng được chất lượng n&ocirc;ng sản xuất khẩu sang khu vực n&agrave;y&rdquo;</em>, &ocirc;ng Giang n&oacute;i.</p>\r\n\r\n<p>&nbsp;</p>\r\n\r\n<p><strong>Lo ngại quy tắc xuất xứ</strong></p>\r\n\r\n<p>&nbsp;</p>\r\n\r\n<p>Bộ trưởng Bộ NN&amp;PTNT Nguyễn Xu&acirc;n Cường, tại diễn đ&agrave;n về xuất khẩu n&ocirc;ng sản mới đ&acirc;y, đ&atilde; khẳng định thực tế c&aacute;c quốc gia đang tăng cường bảo hộ h&agrave;ng n&ocirc;ng sản th&ocirc;ng qua ti&ecirc;u chuẩn về quản l&yacute; chất lượng v&agrave; an to&agrave;n thực phẩm, y&ecirc;u cầu về truy xuất nguồn gốc, trong đ&oacute; c&oacute; EU. Từ g&oacute;c độ chuy&ecirc;n ng&agrave;nh, &ocirc;ng Giang khuyến c&aacute;o c&aacute;c doanh nghiệp cần nắm chắc những thay đổi n&agrave;y từ EU th&ocirc;ng qua trang web của Cao ủy thực phẩm của EU.</p>\r\n\r\n<p>&nbsp;</p>\r\n\r\n<p>&Ocirc;ng Giang cho biết th&ecirc;m, trang web của Cục Bảo vệ thực vật cũng thường xuy&ecirc;n cập nhật những thay đổi tại c&aacute;c thị trường m&agrave; Việt Nam xuất khẩu n&ocirc;ng sản, do đ&oacute; c&aacute;c doanh nghiệp l&agrave;m ăn với thị trường EU cần li&ecirc;n tục cập nhật để chủ động kế hoạch kinh doanh.</p>\r\n\r\n<p>&nbsp;</p>\r\n\r\n<p>&Aacute;p lực đ&aacute;p ứng c&aacute;c ti&ecirc;u chuẩn, chất lượng h&agrave;ng n&ocirc;ng sản sẽ lớn hơn nữa khi Hiệp định Thương mại tự do (FTA) giữa Việt Nam v&agrave; EU (EVFTA) được ph&iacute;a EU th&ocirc;ng qua. D&ugrave; EVFTA sẽ tạo điều kiện thuận lợi để Việt Nam xuất khẩu n&ocirc;ng sản sang EU th&ocirc;ng qua việc dỡ bỏ r&agrave;o cản thuế quan, chuy&ecirc;n gia kinh tế Phạm Thị Dự, Đại học Thương mại, cho rằng việc đ&aacute;p ứng c&aacute;c quy tắc xuất xứ hay vượt qua được c&aacute;c r&agrave;o cản kỹ thuật, kiểm dịch động thực vật l&agrave; c&aacute;c vấn đề đ&aacute;ng quan ngại đối với nhiều doanh nghiệp.</p>\r\n\r\n<p>&nbsp;</p>\r\n\r\n<p>Theo b&agrave; Dự, nguồn nguy&ecirc;n liệu cho sản xuất, xuất khẩu hiện nay của Việt Nam chủ yếu được nhập khẩu từ Trung Quốc, ASEAN v&agrave; c&aacute;c nước kh&ocirc;ng thuộc khối c&oacute; FTA với Việt Nam. V&iacute; dụ hạt điều, một trong những mặt h&agrave;ng xuất khẩu chủ lực của Việt Nam sang EU, được nhập khẩu nguy&ecirc;n liệu chủ yếu từ Bờ Biển Ng&agrave;, Ghana, Nigeria, chiếm 63% nhu cầu chế biến. Hiện nay, EU c&oacute; quy định tương đối chặt chẽ về nguồn gốc xuất xứ với hạt điều khi xem c&ocirc;ng đoạn gia c&ocirc;ng, b&oacute;c vỏ hạt điều l&agrave; chế biến giản đơn. Do đ&oacute;, muốn xuất khẩu được hưởng lợi về thuế quan, ng&agrave;nh điều nh&acirc;n của Việt Nam phải chế biến từ nguồn điều nguy&ecirc;n liệu sản xuất trong nước.</p>\r\n\r\n<p>&nbsp;</p>\r\n\r\n<p>Trong khi đ&oacute;, theo Cục Chế biến v&agrave; Ph&aacute;t triển thị trường n&ocirc;ng sản, xuất khẩu hạt điều của Việt Nam hai th&aacute;ng đầu năm 2019 đ&atilde; giảm cả về khối lượng v&agrave; gi&aacute; trị khi đạt 44.000 tấn v&agrave; 365 triệu đ&ocirc; la Mỹ, giảm lần lượt 3,1% v&agrave; 22,3% so với c&ugrave;ng kỳ năm 2018. C&aacute;c chuy&ecirc;n gia cho rằng ng&agrave;nh điều Việt Nam đang bị mất c&acirc;n đối nghi&ecirc;m trọng giữa năng lực chế biến v&agrave; sản lượng sản xuất nội địa. Để giữ vững vị thế dẫn đầu thế giới, ng&agrave;nh điều cần tập trung cải thiện năng suất v&agrave; chất lượng, từ đ&oacute; t&igrave;m kiếm cơ hội tăng xuất khẩu sang c&aacute;c thị trường kh&oacute; t&iacute;nh như Mỹ, EU.</p>\r\n\r\n<p>&nbsp;</p>\r\n\r\n<p>Để ứng ph&oacute; với t&igrave;nh trạng c&aacute;c quốc gia tăng cường dựng c&aacute;c h&agrave;ng r&agrave;o bảo hộ, một trong những giải ph&aacute;p trọng t&acirc;m m&agrave; Bộ NN&amp;PTNT thực hiện năm 2019 l&agrave; x&acirc;y dựng ti&ecirc;u chu&acirc;̉n, quy chu&acirc;̉n qu&ocirc;́c gia theo hướng hài hòa hóa các quy định của các thị trường nhập kh&acirc;̉u khu vực và tr&ecirc;n th&ecirc;́ giới. Ngo&agrave;i ra, bộ n&agrave;y cũng cho biết sẽ xử lý nghi&ecirc;m các hành vi gian lận, ảnh hưởng đ&ecirc;́n ch&acirc;́t lượng hàng hóa n&ocirc;ng sản, nhằm giữ uy tín cho hàng hóa n&ocirc;ng sản của Việt Nam tr&ecirc;n cả thị trường trong nước và qu&ocirc;́c t&ecirc;́.</p>\r\n', 1, 4, 'CDD', 0, 'normal', '2019-06-16', 1, NULL, NULL,NULL);
INSERT INTO `post` VALUES (11, 'buoi.jpg', 'Giá tiêu, điều, gạo, cà phê cùng lao dốc', 'Kết thúc quý 1/2019, hàng loạt nông sản xuất khẩu chủ lực lao dốc làm cho giá trị  xuất khẩu tăng trưởng âm sau nhiều năm', '<p>Ba th&aacute;ng đầu năm, lĩnh vực n&ocirc;ng nghiệp xuất khẩu được 8,8 tỉ USD, giảm gần 3% so với c&ugrave;ng kỳ năm 2018. Nguy&ecirc;n nh&acirc;n l&agrave; do gi&aacute; nhiều mặt h&agrave;ng xuất khẩu sụt giảm mạnh.</p>\r\n\r\n<p>&nbsp;</p>\r\n\r\n<p>C&oacute; đến 4 mặt h&agrave;ng n&ocirc;ng sản xuất khẩu m&agrave; tỷ lệ gi&aacute; giảm đến hai con số, so với c&ugrave;ng kỳ năm trước. Dẫn đầu danh s&aacute;ch n&agrave;y l&agrave; gi&aacute; ti&ecirc;u với mức giảm đến 27% n&ecirc;n d&ugrave; lượng xuất khẩu tăng đến 19% nhưng gi&aacute; trị vẫn giảm gần 18% so với c&ugrave;ng kỳ năm ngo&aacute;i.</p>\r\n\r\n<p>&nbsp;</p>\r\n\r\n<p>Đứng ngay sau ti&ecirc;u l&agrave; gi&aacute; điều với mức giảm đến gần 21% so với c&ugrave;ng kỳ năm 2018, mức gi&aacute; xuất khẩu b&igrave;nh qu&acirc;n hạt điều đạt mức 8.043 USD/tấn. Xuất khẩu hạt điều tăng gần 5% về lượng nhưng giảm đến tr&ecirc;n 17% về gi&aacute; trị.</p>\r\n\r\n<p>&nbsp;</p>\r\n\r\n<p>Gạo đứng thứ 3 với mức giảm gần 18%, chỉ c&ograve;n 404 USD/tấn. Đ&acirc;y l&agrave; yếu tố l&agrave;m gi&aacute; trị xuất khẩu trong 3 th&aacute;ng qua giảm tr&ecirc;n 20% so với c&ugrave;ng kỳ năm 2018 d&ugrave; lượng chỉ giảm c&oacute; 3,5%.</p>\r\n\r\n<p>&nbsp;</p>\r\n\r\n<p>C&ugrave;ng giai đoạn tr&ecirc;n, gi&aacute; c&agrave; ph&ecirc; xuất khẩu cũng sụt giảm đến tr&ecirc;n 14%, hiện chỉ c&ograve;n 4.894 USD/tấn. Tổng gi&aacute; trị xuất khẩu c&agrave; ph&ecirc; giảm gần 24%, chỉ thu về c&oacute; 830 triệu USD trong qu&yacute; 1 d&ugrave; lượng giảm chỉ c&oacute; 15,3%.</p>\r\n\r\n<p>&nbsp;</p>\r\n\r\n<p>Ngo&agrave;i ra, h&agrave;ng loạt n&ocirc;ng sản kh&aacute;c cũng c&oacute; mức sụt giảm đến gần 10% về gi&aacute; trị so với c&ugrave;ng kỳ, cụ thể như xuất khẩu rau quả đạt 879 triệu USD, giảm 9,3% về gi&aacute; trị; mặt h&agrave;ng sắn v&agrave; c&aacute;c sản phẩm từ sắn, giảm 9,4%; t&ocirc;m c&aacute;c loại ước đạt 676 triệu USD, giảm 9,1%. Cũng cần phải n&oacute;i th&ecirc;m, trong nh&oacute;m n&agrave;y mặt h&agrave;ng rau quả li&ecirc;n tục trong 3 năm gần đ&acirc;y lu&ocirc;n c&oacute; tốc độ tăng trưởng dẫn đầu trong nh&oacute;m ng&agrave;nh n&ocirc;ng l&acirc;m thủy hải sản. Tuy nhi&ecirc;n do qu&aacute; phụ thuộc v&agrave;o thị trường Trung Quốc (75-80%) n&ecirc;n khi gặp kh&oacute; th&igrave; c&aacute;c thị trường c&ograve;n lại kh&ocirc;ng &quot;đỡ&quot; nỗi, tăng trưởng quay đầu đi xuống.&nbsp;</p>\r\n\r\n<p>&nbsp;</p>\r\n\r\n<p>Ngo&agrave;i l&yacute; do kh&aacute;ch quan l&agrave; xu thế chung của thế giới th&igrave; phần lớn những mặt h&agrave;ng n&agrave;y n&ocirc;ng sản n&agrave;y đ&atilde; tăng mạnh diện t&iacute;ch v&agrave; sản lượng trong thời gian qua. Cụ thể những năm gần đ&acirc;y, diện t&iacute;ch trồng c&agrave; ph&ecirc; robusta đang được mở rộng ở T&acirc;y nguy&ecirc;n, Đ&ocirc;ng Nam bộ. C&agrave; ph&ecirc; arabica thậm ch&iacute; c&ograve;n ph&aacute;t triển ở tỉnh Sơn La, Lai Ch&acirc;u, Y&ecirc;n B&aacute;i, H&agrave; Giang, Tuy&ecirc;n Quang.</p>\r\n', 1, 1, 'CDD', 0, 'normal', '2019-06-16', 1, NULL, NULL,NULL);
INSERT INTO `post` VALUES (12, 'tieu 1.jpg', 'Tiêu chết trắng, giá rẻ như rau: Nông dân cầu cứu ngân hàng', 'Tại Gia Lai, tính đến năm 2019, tổng dư nợ mà nông dân vay vốn ngân hàng để trồng tiêu là hơn 4.300 tỷ đồng, trong đó 2.200 tỷ đồng là nợ xấu. Hiện hàng nghìn hộ dân đang phải “cầu cứu” ngành chức năng và ngân hàng có thể gia hạn nợ, cứu họ thoát dần khỏi “thảm cảnh hồ tiêu”…', '<p><strong>N&ocirc;ng d&acirc;n &ldquo;cầu cứu&rdquo;</strong></p>\r\n\r\n<p>&nbsp;</p>\r\n\r\n<p>Đỉnh điểm khiến n&ocirc;ng d&acirc;n trồng ti&ecirc;u l&acirc;m cảnh nợ nần l&agrave; l&uacute;c gi&aacute; hồ ti&ecirc;u rớt xuống đ&aacute;y, từ 220.000 đồng/kg chỉ c&ograve;n 41.000 - 43.000 đồng/kg. Th&ecirc;m v&agrave;o đ&oacute;, dịch bệnh v&agrave; nắng n&oacute;ng k&eacute;o d&agrave;i khiến hồ ti&ecirc;u chết như ngả rạ. Vay ng&acirc;n h&agrave;ng, đầu tư h&agrave;ng tỷ đồng trồng ti&ecirc;u nay nhiều hộ n&ocirc;ng d&acirc;n rơi v&agrave;o thảm cảnh, nợ nần chồng chất, c&oacute; bao nhi&ecirc;u t&agrave;i sản cũng đ&atilde; thế chấp hết cho ng&acirc;n h&agrave;ng.</p>\r\n\r\n<p>&nbsp;</p>\r\n\r\n<p><a href=\"https://4.bp.blogspot.com/-AEaDZKISJW4/XK7xzQksMcI/AAAAAAACkeg/T1pAxEHFQwgfX0LQ41rl5E9M7NDMR6EWgCLcBGAs/s1600/tieu%2B1.jpg\"><img src=\"https://4.bp.blogspot.com/-AEaDZKISJW4/XK7xzQksMcI/AAAAAAACkeg/T1pAxEHFQwgfX0LQ41rl5E9M7NDMR6EWgCLcBGAs/s400/tieu%2B1.jpg\" style=\"height:295px; width:400px\" /></a></p>\r\n\r\n<p><em>Chỉ v&igrave; hồ ti&ecirc;u, hơn 26.000 hộ d&acirc;n vướng v&agrave;o v&ograve;ng xo&aacute;y nợ nần. Ảnh: T.H</em></p>\r\n\r\n<p><a name=\"more\"></a></p>\r\n\r\n<p>Khu&ocirc;n mặt rầu rĩ, ủ rũ b&ecirc;n vườn ti&ecirc;u chết kh&ocirc;, b&agrave; B&ugrave;i Thị Th&agrave;nh (tr&uacute; tại x&atilde; Ia Băng, huyện Chư Pr&ocirc;ng, Gia Lai) t&acirc;m sự:&nbsp;<em>&ldquo;Gần 2 năm nay, chẳng ng&agrave;y n&agrave;o t&ocirc;i được ngủ ngon v&igrave; khoản nợ lớn dần m&agrave; hồ ti&ecirc;u để lại. Tiền gốc l&agrave; 450 triệu đồng, tiền l&atilde;i mỗi năm gần 50 triệu đồng. Cứ 6 th&aacute;ng trả một lần, nhưng hiện tại tiền ăn c&ograve;n bữa đ&oacute;i bữa no, biết kiếm đ&acirc;u ra 24 triệu đồng trả l&atilde;i. Rồi c&ograve;n tiền gốc nữa, hơn 3.000 trụ ti&ecirc;u đ&atilde; chết hết rồi, ch&uacute;ng t&ocirc;i chưa biết tr&ocirc;ng v&agrave;o đ&acirc;u?&rdquo;.</em></p>\r\n\r\n<p>&nbsp;</p>\r\n\r\n<p>&Ocirc;ng Hồ Hồng Lam (49 tuổi, chồng b&agrave; Th&agrave;nh) n&oacute;i th&ecirc;m:&nbsp;<em>&ldquo;Cũng muốn b&aacute;n đất trả nợ lắm nhưng khổ nỗi ch&uacute;ng t&ocirc;i đ&atilde; rao b&aacute;n cả năm trời chẳng ai mua n&ecirc;n đ&agrave;nh để vậy. Sắp tới vợ chồng t&ocirc;i định khăn g&oacute;i về TP.HCM l&agrave;m thu&ecirc; để c&ograve;n c&oacute; đồng ra đồng v&agrave;o trả l&atilde;i, chứ như b&acirc;y giờ th&igrave; kh&ocirc;ng biết khi n&agrave;o mới hết nợ. Gần đ&acirc;y, ch&uacute;ng t&ocirc;i bị ng&acirc;n h&agrave;ng gọi giục trả nợ suốt, kh&ocirc;ng trả kịp lại th&agrave;nh nợ xấu th&ocirc;i&rdquo;.</em></p>\r\n\r\n<p>&nbsp;</p>\r\n\r\n<p>Giữa năm ngo&aacute;i, ch&uacute;ng t&ocirc;i cũng c&oacute; một chuyến l&agrave;m việc tại x&atilde; Ia Blứ, huyện Chư Pưh. Gặp &ocirc;ng Mai Liệu (ở th&ocirc;n Thuỷ Ph&uacute;), &ocirc;ng buồn rầu cho biết &ocirc;ng c&oacute; 9 người con th&igrave; cả 9 đang trong t&igrave;nh trạng nợ xấu ng&acirc;n h&agrave;ng v&igrave; đ&atilde; vay tiền để đầu tư v&agrave;o 15ha ti&ecirc;u.</p>\r\n\r\n<p>&nbsp;</p>\r\n\r\n<p>Trong đ&oacute;, 2 người đ&atilde; phải b&aacute;n nh&agrave;, b&aacute;n đất trả nợ ng&acirc;n h&agrave;ng nhưng vẫn c&ograve;n nợ nhiều khoản vay kh&aacute;c b&ecirc;n ngo&agrave;i. 7 người c&ograve;n lại, tuy chưa phải b&aacute;n nh&agrave; nhưng con c&aacute;i th&igrave; phải nghỉ học sớm để phụ gi&uacute;p cha mẹ đi l&agrave;m kiếm tiền trả nợ.</p>\r\n\r\n<p>&nbsp;</p>\r\n\r\n<p><em>&ldquo;Người d&acirc;n trồng ti&ecirc;u x&atilde; n&agrave;y đ&atilde; phải nhổ cả trụ gỗ l&ecirc;n b&aacute;n với gi&aacute; 40.000 đồng/trụ để lấy tiền sinh hoạt, trong khi trước kia mỗi trụ gi&aacute; 250.000 đồng&rdquo;</em>&nbsp;- &ocirc;ng Liệu cho hay.</p>\r\n\r\n<p>&nbsp;</p>\r\n\r\n<p><a href=\"https://4.bp.blogspot.com/--llJMG0p6Kk/XK7xzX8wPjI/AAAAAAACkeo/UfyJ0e7siugag_OCcvKR_-sekckpBXStACLcBGAs/s1600/tieu%2B2.jpg\"><img src=\"https://4.bp.blogspot.com/--llJMG0p6Kk/XK7xzX8wPjI/AAAAAAACkeo/UfyJ0e7siugag_OCcvKR_-sekckpBXStACLcBGAs/s400/tieu%2B2.jpg\" style=\"height:255px; width:400px\" /></a></p>\r\n\r\n<p><em>V&igrave; thua lỗ, nợ nần kh&ocirc;ng c&oacute; khả năng trả nợ, một số hộ d&acirc;n đ&atilde; phải rao b&aacute;n nh&agrave;, b&aacute;n đất bỏ xứ trốn nợ. Ảnh: T.H</em></p>\r\n\r\n<p>&nbsp;</p>\r\n\r\n<p>Để c&oacute; tiền trả l&atilde;i cho ng&acirc;n h&agrave;ng, nhiều hộ đ&atilde; b&aacute;n b&ograve;, b&aacute;n đất. Giờ đ&acirc;y, ngo&agrave;i việc mong muốn ng&acirc;n h&agrave;ng sẽ gia hạn thời gian trả gốc, trả l&atilde;i, nhiều hộ trồng ti&ecirc;u chẳng biết l&agrave;m g&igrave; ngo&agrave;i cầu mong v&agrave;o&hellip; vận may.&nbsp;</p>\r\n\r\n<p>&nbsp;</p>\r\n\r\n<p>Cũng v&igrave; kh&ocirc;ng c&oacute; tiền trả nợ, &ocirc;ng Ph&ugrave;ng Văn Cảnh (tr&uacute; tại x&atilde; Ia Le, huyện Chư Pưh, Gia Lai) đ&atilde; đ&oacute;ng cửa đi khỏi địa phương. Được biết, hiện &ocirc;ng Cảnh vẫn nợ ng&acirc;n h&agrave;ng hơn 200 triệu đồng. D&ugrave; muốn ph&aacute;t triển c&aacute;c c&acirc;y trồng mới gia tăng kinh tế, nhưng phần v&igrave; diện t&iacute;ch đất trồng ti&ecirc;u bị nhiễm bệnh kh&oacute; phục hồi, phần v&igrave; kh&ocirc;ng c&oacute; vốn đầu tư n&ecirc;n &ocirc;ng Cảnh cũng như nhiều hộ kh&aacute;c đ&agrave;nh chấp nhận để đất hoang&hellip;</p>\r\n\r\n<p>&nbsp;</p>\r\n\r\n<p><strong>Hy vọng từ ph&iacute;a &ldquo;chủ nợ&rdquo;</strong></p>\r\n\r\n<p>&nbsp;</p>\r\n\r\n<p>Theo ước t&iacute;nh, đến nay tổng diện t&iacute;ch trồng c&acirc;y hồ ti&ecirc;u tr&ecirc;n địa b&agrave;n to&agrave;n tỉnh Gia Lai hơn 16.500ha, nhưng c&oacute; đến gần 1/3 l&agrave; số lượng ti&ecirc;u chết (trong đ&oacute; ti&ecirc;u chết do mưa k&eacute;o d&agrave;i g&acirc;y thối rễ tr&ecirc;n 4.500ha; do gi&agrave; cỗi tr&ecirc;n 56ha; do s&acirc;u bệnh gần 1.000ha). Hơn 32.000 hộ c&oacute; ti&ecirc;u chết với khoản nợ hơn 4.300 tỷ đồng, trong đ&oacute; nợ xấu chiếm đến 2.200 tỷ đồng.</p>\r\n\r\n<p>&nbsp;</p>\r\n\r\n<p>Trước thực trạng n&agrave;y, UBND tỉnh Gia Lai đ&atilde; chỉ đạo r&agrave; so&aacute;t, tổng hợp đề nghị Bộ NNPTNT, Bộ T&agrave;i ch&iacute;nh, Ng&acirc;n h&agrave;ng Nh&agrave; nước Việt Nam b&aacute;o c&aacute;o Thủ tướng Ch&iacute;nh phủ xem x&eacute;t.</p>\r\n\r\n<p>&nbsp;</p>\r\n\r\n<p><a href=\"https://2.bp.blogspot.com/-FckUrS6I3Ro/XK7xzba0WKI/AAAAAAACkek/6aPS5CFrnJ4wkadjLUrogOxpdq_OBuZYQCLcBGAs/s1600/tieu%2B3.jpg\"><img src=\"https://2.bp.blogspot.com/-FckUrS6I3Ro/XK7xzba0WKI/AAAAAAACkek/6aPS5CFrnJ4wkadjLUrogOxpdq_OBuZYQCLcBGAs/s400/tieu%2B3.jpg\" style=\"height:263px; width:400px\" /></a></p>\r\n\r\n<p><em>&quot;Ti&ecirc;u chết, nợ sống&quot;, h&agrave;ng ngh&igrave;n hộ d&acirc;n chỉ mong được giản nợ từ ph&iacute;a ng&acirc;n h&agrave;ng để kh&ocirc;ng c&oacute; nợ xấu. Ảnh: T.H</em></p>\r\n\r\n<p>&nbsp;</p>\r\n\r\n<p>Trưởng th&ocirc;n Thủy Ph&uacute; (x&atilde; Ia Blứ) Nguyễn Duy Trung than thở: Chưa bao giờ người d&acirc;n ở đ&acirc;y rơi v&agrave;o cảnh th&ecirc; thảm như thế n&agrave;y, h&agrave;ng ng&agrave;y phải lo từng bữa ăn.</p>\r\n\r\n<p>&nbsp;</p>\r\n\r\n<p>Ở đ&acirc;y hầu hết ai cũng đi vay v&agrave; nhiều gia đ&igrave;nh kh&ocirc;ng c&oacute; khả năng trả nợ. Nếu Nh&agrave; nước, ng&agrave;nh ng&acirc;n h&agrave;ng kh&ocirc;ng can thiệp sớm gi&uacute;p d&acirc;n khoanh nợ th&igrave; c&oacute; hơn 90% hộ d&acirc;n sẽ l&acirc;m cảnh mất nh&agrave; cửa.</p>\r\n\r\n<p>&nbsp;</p>\r\n\r\n<p>Li&ecirc;n quan đến vấn đề n&agrave;y, &ocirc;ng Nguyễn Văn Cư - Gi&aacute;m đốc Ng&acirc;n h&agrave;ng Nh&agrave; Nước Chi nh&aacute;nh tại Gia Lai cho biết, để hỗ trợ người d&acirc;n trong giai đoạn kh&oacute; khăn, ng&agrave;nh ng&acirc;n h&agrave;ng sẽ cơ cấu thời hạn nợ, điều chỉnh thời hạn nợ, gia hạn nợ. B&ecirc;n cạnh đ&oacute;, ng&acirc;n h&agrave;ng cũng sẽ c&oacute; giải ph&aacute;p giảm l&atilde;i suất hoặc miễn giảm l&atilde;i tiền vay cho người vay. Đồng thời, ng&acirc;n h&agrave;ng cũng xem x&eacute;t cho người d&acirc;n vay lại để t&aacute;i cơ cấu c&acirc;y trồng.</p>\r\n\r\n<p>&nbsp;</p>\r\n\r\n<p><em>&ldquo;Về việc người d&acirc;n muốn khoanh nợ, hiện rất kh&oacute; khăn. Bởi khi đ&oacute;, c&aacute;c ng&agrave;nh c&oacute; li&ecirc;n quan sẽ phải v&agrave;o cuộc x&aacute;c minh, sau đ&oacute; mới c&oacute; cơ sở tr&igrave;nh l&ecirc;n chủ tịch UBND tỉnh. Sau đ&oacute;, chủ tịch UBND tỉnh phải xin &yacute; kiến Thủ tướng Ch&iacute;nh phủ xem x&eacute;t việc khoanh nợ. Khi Thủ tướng đồng &yacute; th&igrave; việc khoanh nợ sẽ diễn ra. Theo đ&oacute;, trong thời hạn khoanh nợ (2 năm) người d&acirc;n sẽ kh&ocirc;ng phải trả l&atilde;i&rdquo;</em>&nbsp;&ndash; &ocirc;ng Cư n&oacute;i.</p>\r\n\r\n<p>&nbsp;</p>\r\n\r\n<p>Tuy nhi&ecirc;n, cũng theo &ocirc;ng Cư, quy định hiện nay cấp n&agrave;o đề nghị khoanh nợ, cấp đ&oacute; phải xuất ng&acirc;n s&aacute;ch để chi trả.&nbsp;<em>&ldquo;Với l&atilde;i suất b&igrave;nh qu&acirc;n 10%/năm, th&igrave; 2.200 tỷ đồng nợ xấu sẽ c&oacute; l&atilde;i suất khoảng 220 tỷ đồng. Trong 2 năm, số l&atilde;i n&agrave;y tăng l&ecirc;n khoảng 440 tỷ đồng, đ&acirc;y l&agrave; số tiền kh&ocirc;ng hề nhỏ đối với ng&acirc;n s&aacute;ch địa phương&hellip;&rdquo;</em>&nbsp;- &ocirc;ng Cư cho biết th&ecirc;m.</p>\r\n', 1, 3, 'CDD', 0, 'normal', '2019-06-16', 1, NULL, NULL,NULL);
INSERT INTO `post` VALUES (13, 'ca-phe.jpg', 'Nhập nông sản tăng, xuất khẩu giảm', 'Nông sản xuất giảm nhập tăng, suất siêu giảm 8,7%. Đây là dấu hiệu đáng chú ý của ngành nông nghiệp sau nhiều năm phát triển và tự hào là đất nước có thế mạnh về nông nghiệp.', '<p><a href=\"https://1.bp.blogspot.com/-6i40gc8hxgs/XN9piOF1GaI/AAAAAAAClhY/G04b1AAXpygdsUMCkO3vHRoBqYAsERUeACLcBGAs/s1600/ca-phe.jpg\"><img src=\"https://1.bp.blogspot.com/-6i40gc8hxgs/XN9piOF1GaI/AAAAAAAClhY/G04b1AAXpygdsUMCkO3vHRoBqYAsERUeACLcBGAs/s400/ca-phe.jpg\" style=\"height:300px; width:400px\" /></a></p>\r\n\r\n<p><em>C&agrave; ph&ecirc; l&agrave; một trong những mặt h&agrave;ng bị t&aacute;c động mạnh trong thời gian qua. CTV</em></p>\r\n\r\n<p><a name=\"more\"></a></p>\r\n\r\n<p>B&aacute;o c&aacute;o của Bộ N&ocirc;ng nghiệp v&agrave; Ph&aacute;t triển n&ocirc;ng th&ocirc;n cho biết: Trong 4 th&aacute;ng đầu năm 2019, kim ngạch xuất khẩu c&aacute;c mặt h&agrave;ng n&ocirc;ng, l&acirc;m, thủy sản ước đạt 12,4 tỉ USD. Trong đ&oacute;, nh&oacute;m h&agrave;ng n&ocirc;ng sản ch&iacute;nh ước đạt 5,2 tỉ USD, so với c&ugrave;ng kỳ năm 2018 giảm 5,6%. Nhiều mặt h&agrave;ng giảm mạnh như: gạo khối lượng xuất khẩu giảm 8%, gi&aacute; trị giảm đến 19%); c&agrave; ph&ecirc; khối lượng giảm 13%, gi&aacute; trị cũng giảm 19%; sắn v&agrave; sản phẩm từ sắn khối lượng giảm 14%, gi&aacute; trị giảm 3,3%.</p>\r\n\r\n<p>&nbsp;</p>\r\n\r\n<p>Ở chiều ngược lại, tổng gi&aacute; trị nhập khẩu n&ocirc;ng, l&acirc;m, thủy sản v&agrave; vật tư n&ocirc;ng nghiệp 4 th&aacute;ng đạt khoảng 9,7 tỉ USD, tăng 3,2% so với c&ugrave;ng kỳ năm trước.</p>\r\n\r\n<p>&nbsp;</p>\r\n\r\n<p>Việc nh&oacute;m ng&agrave;nh n&ocirc;ng l&acirc;m thủy hải sản xuất giảm nhập tăng đ&atilde; l&agrave;m thặng dự thương mại giảm 8,7% so với c&ugrave;ng kỳ 2018, hiện xuất si&ecirc;u chỉ đạt 2,68 tỉ USD.</p>\r\n\r\n<p>&nbsp;</p>\r\n\r\n<p>Trong khi đ&oacute;, b&aacute;o c&aacute;o của Tổng cục Hải quan cho biết: Trong 4 th&aacute;ng đầu năm nay, nh&oacute;m h&agrave;ng n&ocirc;ng sản (bao gồm h&agrave;ng rau quả, hạt điều, hạt ti&ecirc;u, ch&egrave;, c&agrave; ph&ecirc;, gạo, sắn v&agrave; sản phẩm sắn, cao su) xuất khẩu đạt 5,56 tỉ USD, giảm 8,9% so với c&ugrave;ng kỳ năm trước.</p>\r\n\r\n<p>&nbsp;</p>\r\n\r\n<p>Trung Quốc vẫn l&agrave; thị trường lớn nhất nhập khẩu mặt h&agrave;ng n&ocirc;ng sản của Việt Nam với 1,98 tỉ USD, giảm 8,7% so với c&ugrave;ng kỳ năm 2018; tiếp theo l&agrave; thị trường EU đạt 866 triệu USD, giảm 9,7%; sang Mỹ với 522 triệu USD, giảm 19,8%...</p>\r\n\r\n<p>&nbsp;</p>\r\n\r\n<p>Nh&oacute;m h&agrave;ng thủy sản đạt 2,42 tỉ USD, giảm 0,9% so với c&ugrave;ng thời gian năm 2018. Trong 4 th&aacute;ng t&iacute;nh từ đầu năm 2019 chủ yếu được xuất khẩu sang thị trường Nhật Bản đạt 411 triệu USD, tăng 9,7%; Mỹ đạt 386 triệu USD, tăng 1,9%; EU với 393 triệu USD, giảm 9,6%; Trung Quốc đạt 268 triệu USD, giảm 8,6%.</p>\r\n\r\n<p>&nbsp;</p>\r\n\r\n<p>Gỗ v&agrave; sản phẩm gỗ l&agrave; ng&agrave;nh h&agrave;ng tăng trưởng ấn tượng với tỷ lệ đến gần 18% so với c&ugrave;ng kỳ năm trước, đạt 3,1 tỉ USD. Đ&aacute;ng ch&uacute; &yacute;, xuất khẩu sang Mỹ đạt tr&ecirc;n 1,4 tỉ USD, tăng đến gần 35% v&agrave; Nhật Bản đạt 414 triệu USD, tăng tr&ecirc;n 18%.</p>\r\n', 3, 1, 'CDD', 0, 'normal', '2019-06-16', 1, NULL, NULL,NULL);
INSERT INTO `post` VALUES (14, 'nong san 1.png', '[Infographics] 4 tháng năm 2019: Xuất khẩu nông lâm thủy sản ước đạt 12,4 tỷ USD', '4 tháng đầu năm 2019, tổng kim ngạch xuất khẩu nông lâm thủy sản ước đạt 12,4 tỷ USD, tương đương so với cùng kỳ 2018, trong đó, nhóm hàng nông sản chính ước đạt 5,2 tỷ USD, giảm 5,6% so với cùng kỳ.', '<p><a href=\"https://4.bp.blogspot.com/-YKLqdZuhDgI/XM0QoeBn4lI/AAAAAAAClFk/wRkaidniKi40dyiKHPofxYvfBVIrV-3ygCLcBGAs/s1600/nong%2Bsan%2B1.png\"><img src=\"https://4.bp.blogspot.com/-YKLqdZuhDgI/XM0QoeBn4lI/AAAAAAAClFk/wRkaidniKi40dyiKHPofxYvfBVIrV-3ygCLcBGAs/s1600/nong%2Bsan%2B1.png\" /></a></p>\r\n\r\n<p><a href=\"https://2.bp.blogspot.com/-7kOfn3GCWus/XM0Qoa4N7zI/AAAAAAAClFg/W8lm7R80tGgKH4PXGjF-hgb1QJeuEgjpQCLcBGAs/s1600/nong%2Bsan%2B2.png\"><img src=\"https://2.bp.blogspot.com/-7kOfn3GCWus/XM0Qoa4N7zI/AAAAAAAClFg/W8lm7R80tGgKH4PXGjF-hgb1QJeuEgjpQCLcBGAs/s1600/nong%2Bsan%2B2.png\" /></a></p>\r\n\r\n<p>&nbsp;</p>\r\n\r\n<p>Lũy kế 4 th&aacute;ng đầu năm 2019, tổng kim ngạch xuất khẩu n&ocirc;ng l&acirc;m thủy sản ước đạt 12,4 tỷ USD, tương đương so với c&ugrave;ng kỳ 2018.</p>\r\n\r\n<p>&nbsp;</p>\r\n\r\n<p>Nh&oacute;m h&agrave;ng n&ocirc;ng sản ch&iacute;nh ước đạt 5,2 tỷ USD, giảm 5,6% so với c&ugrave;ng kỳ năm 2018./.</p>\r\n', 1, 4, 'CDD', 0, 'normal', '2019-06-16', 1, NULL, NULL,NULL);
INSERT INTO `post` VALUES (15, 'tieu.jpg', 'Nông sản ngày càng khó vào EU', 'Liên minh châu Âu (EU) đang tăng cường bảo hộ hàng nông sản thông qua tiêu chuẩn về quản lý chất lượng và an toàn thực phẩm, yêu cầu về truy xuất nguồn gốc, gây áp lực không nhỏ cho nông sản Việt Nam.', '<p><strong>Li&ecirc;n tục r&agrave; so&aacute;t v&agrave; thay đổi</strong></p>\r\n\r\n<p>&nbsp;</p>\r\n\r\n<p>EU vừa th&ocirc;ng b&aacute;o sửa đổi phụ lục II, III, IV trong Quy định số 396/2005 của EU li&ecirc;n quan đến quy định dư lượng tối đa c&aacute;c loại h&oacute;a chất như chlorantraniliprole, clomazone, cyclaniliprole, fenazaquin... tr&ecirc;n một số sản phẩm như rau, quả v&agrave; thực phẩm.</p>\r\n\r\n<p>&nbsp;</p>\r\n\r\n<p>Những thay đổi n&agrave;y, theo &ocirc;ng Vương Trường Giang, Trưởng ph&ograve;ng An to&agrave;n thực phẩm v&agrave; M&ocirc;i trường, Cục Bảo vệ thực vật, Bộ N&ocirc;ng nghiệp v&agrave; Ph&aacute;t triển n&ocirc;ng th&ocirc;n (NN&amp;PTNT), sẽ ảnh hưởng tới một số loại n&ocirc;ng sản m&agrave; Việt Nam xuất sang EU. Hiện nay, Việt Nam chủ yếu xuất khẩu c&aacute;c mặt h&agrave;ng như c&agrave; ph&ecirc;, ti&ecirc;u, điều, gạo, thanh long, v&agrave; một số &iacute;t loại rau gia vị kh&aacute;c.</p>\r\n\r\n<p>&nbsp;</p>\r\n\r\n<p>Số liệu của Cục Chế biến v&agrave; Ph&aacute;t triển thị trường n&ocirc;ng sản, Bộ NN&amp;PTNT cho thấy, một số mặt h&agrave;ng n&ocirc;ng sản chủ lực xuất khẩu sang EU như ti&ecirc;u, điều, c&agrave; ph&ecirc; đều c&oacute; kim ngạch xuất khẩu giảm trong th&aacute;ng 2. V&iacute; dụ, khối lượng xuất khẩu hồ ti&ecirc;u th&aacute;ng 2-2019 ước đạt 12.000 tấn, với gi&aacute; trị đạt 35 triệu đ&ocirc; la Mỹ, giảm tới hơn 20% về gi&aacute; trị so với c&ugrave;ng kỳ năm 2018. Đ&acirc;y l&agrave; một trong những mặt h&agrave;ng c&oacute; kim ngạch xuất khẩu giảm mạnh nhất.</p>\r\n\r\n<p>&nbsp;</p>\r\n\r\n<p>Tổng kim ngạch xuất khẩu n&ocirc;ng l&acirc;m thủy sản hai th&aacute;ng đầu năm 2019 đạt 5,5 tỉ đ&ocirc; la Mỹ, giảm 1,6% so với c&ugrave;ng kỳ năm ngo&aacute;i, trong đ&oacute; gi&aacute; trị xuất khẩu c&aacute;c mặt h&agrave;ng n&ocirc;ng sản ch&iacute;nh ước đạt 2,71 tỉ đ&ocirc; la, giảm 10,1%.</p>\r\n\r\n<p>&nbsp;</p>\r\n\r\n<p>EU l&agrave; một trong những thị trường xuất khẩu n&ocirc;ng sản lớn nhất của Việt Nam, song cũng l&agrave; thị trường c&oacute; y&ecirc;u cầu khắt khe về vệ sinh an to&agrave;n thực phẩm, d&aacute;n nh&atilde;n, m&ocirc;i trường&hellip; D&ugrave; lần thay đổi n&agrave;y t&aacute;c động kh&ocirc;ng qu&aacute; lớn đối với c&aacute;c mặt h&agrave;ng n&ocirc;ng sản chủ lực m&agrave; Việt Nam xuất sang EU, nhưng theo đ&aacute;nh gi&aacute; của &ocirc;ng Giang, c&aacute;c quy định ph&aacute;p l&yacute; li&ecirc;n quan tới h&agrave;ng r&agrave;o kỹ thuật li&ecirc;n tục được EU &ldquo;r&agrave; so&aacute;t&rdquo; v&agrave; &ldquo;điều chỉnh&rdquo;.</p>\r\n\r\n<p>&nbsp;</p>\r\n\r\n<blockquote><em>H&agrave;ng h&oacute;a n&ocirc;ng nghiệp của Việt Nam đang được xuất khẩu sang 180 nước v&agrave; v&ugrave;ng l&atilde;nh thổ, đứng thứ 2 khu vực Đ&ocirc;ng Nam &Aacute; v&agrave; đứng thứ 15 tr&ecirc;n thế giới, với 10 mặt h&agrave;ng xuất khẩu tr&ecirc;n 1 tỉ đ&ocirc; la Mỹ, 6 mặt h&agrave;ng đạt tr&ecirc;n 3 tỉ đ&ocirc; la Mỹ gồm t&ocirc;m, gỗ v&agrave; sản phẩm gỗ, h&agrave;ng rau quả, hạt điều, c&agrave; ph&ecirc;, gạo.</em></blockquote>\r\n\r\n<p>&nbsp;</p>\r\n\r\n<p>Hiện nay, nhiều doanh nghiệp c&ograve;n chưa mấy quan t&acirc;m tới sự thay đổi kh&aacute; &ldquo;thường xuy&ecirc;n&rdquo; n&agrave;y của EU, đặc biệt trong bối cảnh đa phần c&aacute;c doanh nghiệp xuất khẩu c&oacute; quy m&ocirc; nhỏ v&agrave; si&ecirc;u nhỏ. Theo quan s&aacute;t của &ocirc;ng Giang, ng&agrave;nh n&ocirc;ng sản Việt Nam ng&agrave;y c&agrave;ng chiếm tỷ trọng lớn trong cơ cấu nhập khẩu của EU, khiến cơ quan chức năng của khối n&agrave;y để &yacute;.</p>\r\n\r\n<p>&nbsp;</p>\r\n\r\n<p><em>&ldquo;C&aacute;i kh&oacute; của doanh nghiệp n&ocirc;ng sản hiện nay l&agrave; l&agrave;m thế n&agrave;o cập nhật những thay đổi từ ph&iacute;a EU, từ đ&oacute; kiểm so&aacute;t v&agrave; đ&aacute;p ứng được chất lượng n&ocirc;ng sản xuất khẩu sang khu vực n&agrave;y&rdquo;</em>, &ocirc;ng Giang n&oacute;i.</p>\r\n\r\n<p>&nbsp;</p>\r\n\r\n<p><strong>Lo ngại quy tắc xuất xứ</strong></p>\r\n\r\n<p>&nbsp;</p>\r\n\r\n<p>Bộ trưởng Bộ NN&amp;PTNT Nguyễn Xu&acirc;n Cường, tại diễn đ&agrave;n về xuất khẩu n&ocirc;ng sản mới đ&acirc;y, đ&atilde; khẳng định thực tế c&aacute;c quốc gia đang tăng cường bảo hộ h&agrave;ng n&ocirc;ng sản th&ocirc;ng qua ti&ecirc;u chuẩn về quản l&yacute; chất lượng v&agrave; an to&agrave;n thực phẩm, y&ecirc;u cầu về truy xuất nguồn gốc, trong đ&oacute; c&oacute; EU. Từ g&oacute;c độ chuy&ecirc;n ng&agrave;nh, &ocirc;ng Giang khuyến c&aacute;o c&aacute;c doanh nghiệp cần nắm chắc những thay đổi n&agrave;y từ EU th&ocirc;ng qua trang web của Cao ủy thực phẩm của EU.</p>\r\n\r\n<p>&nbsp;</p>\r\n\r\n<p>&Ocirc;ng Giang cho biết th&ecirc;m, trang web của Cục Bảo vệ thực vật cũng thường xuy&ecirc;n cập nhật những thay đổi tại c&aacute;c thị trường m&agrave; Việt Nam xuất khẩu n&ocirc;ng sản, do đ&oacute; c&aacute;c doanh nghiệp l&agrave;m ăn với thị trường EU cần li&ecirc;n tục cập nhật để chủ động kế hoạch kinh doanh.</p>\r\n\r\n<p>&nbsp;</p>\r\n\r\n<p>&Aacute;p lực đ&aacute;p ứng c&aacute;c ti&ecirc;u chuẩn, chất lượng h&agrave;ng n&ocirc;ng sản sẽ lớn hơn nữa khi Hiệp định Thương mại tự do (FTA) giữa Việt Nam v&agrave; EU (EVFTA) được ph&iacute;a EU th&ocirc;ng qua. D&ugrave; EVFTA sẽ tạo điều kiện thuận lợi để Việt Nam xuất khẩu n&ocirc;ng sản sang EU th&ocirc;ng qua việc dỡ bỏ r&agrave;o cản thuế quan, chuy&ecirc;n gia kinh tế Phạm Thị Dự, Đại học Thương mại, cho rằng việc đ&aacute;p ứng c&aacute;c quy tắc xuất xứ hay vượt qua được c&aacute;c r&agrave;o cản kỹ thuật, kiểm dịch động thực vật l&agrave; c&aacute;c vấn đề đ&aacute;ng quan ngại đối với nhiều doanh nghiệp.</p>\r\n\r\n<p>&nbsp;</p>\r\n\r\n<p>Theo b&agrave; Dự, nguồn nguy&ecirc;n liệu cho sản xuất, xuất khẩu hiện nay của Việt Nam chủ yếu được nhập khẩu từ Trung Quốc, ASEAN v&agrave; c&aacute;c nước kh&ocirc;ng thuộc khối c&oacute; FTA với Việt Nam. V&iacute; dụ hạt điều, một trong những mặt h&agrave;ng xuất khẩu chủ lực của Việt Nam sang EU, được nhập khẩu nguy&ecirc;n liệu chủ yếu từ Bờ Biển Ng&agrave;, Ghana, Nigeria, chiếm 63% nhu cầu chế biến. Hiện nay, EU c&oacute; quy định tương đối chặt chẽ về nguồn gốc xuất xứ với hạt điều khi xem c&ocirc;ng đoạn gia c&ocirc;ng, b&oacute;c vỏ hạt điều l&agrave; chế biến giản đơn. Do đ&oacute;, muốn xuất khẩu được hưởng lợi về thuế quan, ng&agrave;nh điều nh&acirc;n của Việt Nam phải chế biến từ nguồn điều nguy&ecirc;n liệu sản xuất trong nước.</p>\r\n\r\n<p>&nbsp;</p>\r\n\r\n<p>Trong khi đ&oacute;, theo Cục Chế biến v&agrave; Ph&aacute;t triển thị trường n&ocirc;ng sản, xuất khẩu hạt điều của Việt Nam hai th&aacute;ng đầu năm 2019 đ&atilde; giảm cả về khối lượng v&agrave; gi&aacute; trị khi đạt 44.000 tấn v&agrave; 365 triệu đ&ocirc; la Mỹ, giảm lần lượt 3,1% v&agrave; 22,3% so với c&ugrave;ng kỳ năm 2018. C&aacute;c chuy&ecirc;n gia cho rằng ng&agrave;nh điều Việt Nam đang bị mất c&acirc;n đối nghi&ecirc;m trọng giữa năng lực chế biến v&agrave; sản lượng sản xuất nội địa. Để giữ vững vị thế dẫn đầu thế giới, ng&agrave;nh điều cần tập trung cải thiện năng suất v&agrave; chất lượng, từ đ&oacute; t&igrave;m kiếm cơ hội tăng xuất khẩu sang c&aacute;c thị trường kh&oacute; t&iacute;nh như Mỹ, EU.</p>\r\n\r\n<p>&nbsp;</p>\r\n\r\n<p>Để ứng ph&oacute; với t&igrave;nh trạng c&aacute;c quốc gia tăng cường dựng c&aacute;c h&agrave;ng r&agrave;o bảo hộ, một trong những giải ph&aacute;p trọng t&acirc;m m&agrave; Bộ NN&amp;PTNT thực hiện năm 2019 l&agrave; x&acirc;y dựng ti&ecirc;u chu&acirc;̉n, quy chu&acirc;̉n qu&ocirc;́c gia theo hướng hài hòa hóa các quy định của các thị trường nhập kh&acirc;̉u khu vực và tr&ecirc;n th&ecirc;́ giới. Ngo&agrave;i ra, bộ n&agrave;y cũng cho biết sẽ xử lý nghi&ecirc;m các hành vi gian lận, ảnh hưởng đ&ecirc;́n ch&acirc;́t lượng hàng hóa n&ocirc;ng sản, nhằm giữ uy tín cho hàng hóa n&ocirc;ng sản của Việt Nam tr&ecirc;n cả thị trường trong nước và qu&ocirc;́c t&ecirc;́.</p>\r\n', 1, 4, 'CDD', 0, 'normal', '2019-06-16', 1, NULL, NULL,NULL);

update post set postLuotView=(postLuotView+1) where postID=21;
